Tiktoker,influencer name,Subscribers count,Views avg.,Likes avg,Comments avg.,Shares avg
___nicoichi___,NICOã€å¹³æˆãƒ•ãƒ©ãƒŸãƒ³ã‚´ã€‘,1.3M,1.9M,225.3K,1.7K,1.1K
_.anime.edits_0,video,97K,1.7M,75.6K,1.5K,8.7K
_.respect.boss._,Respect compilation ğŸ¤ğŸ¥¶,1.5M,4.4M,241.9K,249,797
_.the.meme.hub._,RANDOM MEMES,2.3M,3.8M,787.7K,2.9K,9K
_andrewcurtiss,Andrew Curtis,2.5M,1.4M,300.4K,5.8K,4K
_emil_official,EMÄ°Lâ¤ï¸,600.9K,2.5M,61.9K,1.2K,9.5K
_ikyikyyy,ikyikyyy,3.1M,1.5M,185.3K,1.5K,1.6K
_jennifernierva,Jennifer Nierva,1M,2.4M,321.1K,1.9K,1K
_mister_z,Marco Zedda,4.9M,2.3M,407.3K,3.2K,3K
_nch04,ğğ ğ®ğ²ğÌ‚Ìƒğ§ ğ‡ğšÌ‰ğ¢,4.9M,3.9M,235.3K,1.3K,1.2K
_space.draws_,Space Draws,2.6M,2M,227.1K,1.6K,817
_subtitulos_,KUWTK,92.8K,3.4M,432.7K,960,690
_surya_editz_,ğŸ˜ˆ,551.2K,3.5M,330.6K,1.1K,2.1K
_xochitl.gomez,XÃ³chitl GÃ³mez,4.4M,6.1M,1.1M,9,3.4K
_xsyalisx_,Nya uwu xd,144.3K,1.8M,347.5K,2.4K,2.7K
.jmwalton,ğ™… âš¡ï¸,1.2M,3.4M,667K,15.3K,5.6K
1642l4,Ø¹Ø·ÙˆÙŠ Ø®Ø§Ù†ØªÙ‡ Ø³ÙˆØ¯ Ø§Ù„Ù„ÙŠØ§Ù„ÙŠ,15K,1.3M,64.2K,2.8K,13.6K
1asos,Ø§Ø³Ø±Ø§Ø¡ ÙØ±Ø¬,3.5M,2.5M,174.3K,1.2K,1.4K
230.s,Ù†ØµØ§Ø¦Ø­ ÙˆØ§Ø®Ø¨Ø§Ø± ÙÙŠÙØ§.,13.6K,2.2M,159.2K,1.5K,1.3K
42psy42,PSY,3.9M,2.5M,417.8K,2.2K,1.2K
4q2y,Ø¯Ù†ÙˆÙˆ,1.5M,1.7M,140.2K,3.6K,1.2K
7uss.n,Ø­Ø³ÙŠÙ† Ø§Ù„Ø­Ø±ÙŠØ¨ÙŠğŸŒ»,1.5M,2.2M,225.5K,2.2K,2.5K
aachoyy,chaa Ëšâ—â™¡,494.9K,2.4M,356.2K,2.4K,519
abba,ABBA,2.5M,10.1M,2M,7.6K,8K
abbieherbert,AbbieHerbert,13.2M,4.2M,557K,1.4K,959
abir.sag,Abir e sag,12.7M,3.9M,302.8K,2.1K,2.1K
aboody_kareem,Ø¹Ø¨ÙˆØ¯ÙŠ ÙƒØ±ÙŠÙ…,7.2M,1.5M,167.7K,2.6K,1.5K
actressbecc,Becca Bastos,1.4M,745.2K,207.4K,1.5K,3.7K
actually.average,Reed,1.2M,1.1M,320.9K,4K,3K
adammilardovicc,Adammilardovic,8.1M,2.2M,184.8K,1.6K,943
adamsilvera,Adam Silvera,93.7K,2.2M,616.3K,6K,4.6K
addisonre,Addison Rae,88M,7.5M,704.3K,4.3K,2K
adi.syahreza,Adi Syahreza,7M,2.2M,278.7K,1.9K,1.8K
adrianbliss,Adrian Bliss,6M,3M,479K,1.5K,4.8K
adrilatinatv,adrilatinatv,25.6M,3.1M,243.4K,1.5K,190
aemilst,ems,1.3M,1.5M,224.3K,2K,3.4K
aerilzafrel8,aerilzafrel,1.9M,2.3M,216.8K,4.7K,1.8K
aespa_official,aespa official,5M,9.5M,2.2M,33.9K,29.2K
aichangemoy_,YT : AiChan TV,8.4M,2.7M,250.5K,3.2K,2.6K
aiki_kr,ì•„ì´í‚¤ Aiki,2.1M,1.9M,361.4K,1.7K,1.3K
ailaughatmyownjokes,"it's a me, Silvia :)",1.9M,1.4M,340.4K,1.4K,4.3K
ajkhiphop,kelil,36.5K,4.6M,670.6K,686,355
akamztwenty20,Akamz,20.4M,3.8M,410.5K,1.3K,1.7K
akgunnice,GÃ–ZDE AKGÃœN,2.4M,4.6M,143K,1.3K,436
akramadinas,AK,3.9M,1.6M,374.6K,3.1K,1.2K
albert_cancook,albert_cancook,6.7M,6.2M,524.9K,1.9K,2.1K
albertinasacaca,Albertina sacaca1,1.5M,4M,464.4K,2.4K,787
albertinasacaca1,Albertina Sacaca Cal,4.8M,2.5M,226.1K,2.5K,575
alejandrodelcarpio96,Alejandro del Carpio,148.6K,2.5M,233.8K,1.5K,255
alex_abt,AlexAbt,109K,2.3M,371.5K,592,307
alexbatistao,Alex ramos22,3.2K,951.7K,46.6K,1.7K,19.4K
alexitoxedits,ALEX <3,2.8M,966K,276.7K,2.5K,3.3K
alexwaarren,Alex warren,15.3M,2.7M,643.7K,635,417
alezha.obukhov,ĞĞ»ĞµĞ¶Ğ° ĞĞ±ÑƒÑ…Ğ¾Ğ²,681.2K,2.2M,251.1K,697,1.2K
alfaanm,alfan,101.1K,647.2K,45.7K,1K,35.7K
ali.samir11,Ø¹Ù„ÙŠ Ø³Ù…ÙŠØ±,2.5M,1.7M,215.7K,6.7K,982
aliciasaavedra_,@aliciastylish,353.1K,4.9M,113.8K,1.3K,25.8K
alliep.andrews2nd,allieandrews,31.4K,3.1M,432.6K,1.4K,750
alrslani20,Ø§Ù„Ù…Ù†Ø´Ø¯/Ù…Ø§Ø¬Ø¯ Ø§Ù„Ø±Ø³Ù„Ø§Ù†ÙŠ,499.8K,2.3M,100.2K,2.1K,4.7K
alteregofanbase7,ğ˜¼ğ™‡ğ™ğ™€ğ™ğ™ƒğ™Šğ™‡ğ™„ğ˜¾,178.7K,2.6M,267.3K,560,654
alxjames,Alx James,2.1M,1.7M,278.5K,1.9K,9.7K
amauryguichon,Amaury Guichon,11.2M,17M,1.4M,10.7K,15.2K
amrmaskoun,Amrmaskoun,967K,2M,169.9K,2.1K,1.8K
ana_eusse,Ana Maria,11.7M,2.4M,343.6K,1K,166
analisseworld,Analisseworld,10.3M,2.3M,418.7K,926,1K
anaraquelhz,Raquel,4M,1.6M,185.9K,1.4K,6.8K
anas_elshayib,Ø§Ù†Ø³ Ø§Ù„Ø´Ø§ÙŠØ¨,3.9M,3.1M,182.1K,4.6K,1.9K
andcarli,Anderson Carli,8.1M,7M,236.5K,1.3K,589
andremastijan,andre,723.7K,5.2M,360K,2.7K,12.5K
andy.and.michelle,Andy & Michelle,4.4M,2.8M,399.9K,1.8K,4.6K
anitta,Anitta,20M,2.4M,256.8K,945,380
anna..paull,Anna Paul,4.4M,3.1M,731.7K,2.1K,474
annajobling,anna jobling,477K,4.1M,482.7K,4.5K,2K
annaxsitar,anna x,11.9M,3.1M,454.2K,741,424
apollolikesblu,Apollolol,3K,702.3K,124.5K,9.5K,2.1K
areyoukiddingtv,Joey and Steven,4.8M,4.1M,648.8K,2.5K,316
arfaytb,ARFAYTB,372.7K,894.1K,108.7K,456,7.6K
argentinidadnovelera,zoe,91.8K,1.8M,160.5K,953,10.8K
arigameplays,AriGameplays,21.5M,4.9M,559K,2.7K,2.3K
artbydemarcusshawn,DemarcusShawn,6.1M,1.8M,273.8K,2.7K,2.8K
ashmonterooo,ash,8.9K,2.6M,437.2K,6.6K,15.4K
aubreyandersonemmons,Heyyyy,1.1M,1.8M,320.8K,2K,1.8K
augustogimenez,AugustoGimenez,12.5M,4.4M,562.8K,1.2K,538
aureliehermansyahatta,Aurelie Hermansyah,7.4M,1.9M,190.1K,1.4K,1.3K
aurikatariina,á´€á´œÊ€Éª âœ¨,7.4M,8.9M,1M,4K,3.7K
aussiesdoingthings,Aussies Doing Things,2.7M,1.2M,170K,602,3.6K
aussiesdoingthings,Aussies Doing Things,2.7M,1.2M,170K,602,3.6K
austenalexander,Austen Alexander,321.4K,1.3M,125.7K,1.1K,5.2K
avanireyes,Avani ğŸ‘½,5.1M,3.5M,283.6K,1.9K,542
awildani13,NgebisOnline,77.2K,3.7M,498.4K,5.9K,4.4K
ayaatanjali_,AyağŸ˜,5.9M,1.6M,303.1K,1.2K,780
ayanakamachi,ä¸­ç”ºç¶¾,1.4M,3.2M,206.5K,1K,1.8K
aybukeyim,AybÃ¼ke,1.2M,3.1M,162.7K,2.1K,500
aydenmekus,AYDEN MEKUS,10.5M,3.6M,275.4K,8.6K,1.3K
ayesebastien,Sebastien,7.2M,2M,396.5K,2.1K,1.8K
aylin.criss,Aylin,17.3M,2.6M,385.7K,2.1K,355
badbunny,Bad Bunny,22.2M,48.9M,9M,58.4K,96.7K
baimwong,Baim Wong,8.5M,2.1M,130.6K,2K,1.9K
bankkamo46_,bankkamo46_ğŸ¦–,1.3M,1.5M,204.7K,1.1K,3K
bara_ze,BARA Ze,2.5M,1.8M,118.8K,4.3K,2.4K
barbaracoura,BÃ¡rbara Coura,8.8M,1.5M,239.7K,1.4K,816
basementgang,Basement Gang,5.4M,2.9M,256.2K,1.9K,2.7K
bavariamedic,bavaria.medic,489.7K,7.1M,553.6K,1.6K,3.4K
bayashi.tiktok,ãƒãƒ¤ã‚·ğŸ¥‘Bayashi,28.4M,6.2M,713.1K,3.6K,2K
baylenlevine,Baylen Levine,4.2M,1.2M,190.3K,2.9K,903
bdylanhollis,B. Dylan Hollis,8.6M,3.5M,792.8K,4.1K,10.4K
bear,blackbear,1.2M,2.8M,284.4K,1.1K,371
beberexha,BebeRexha,7.3M,2M,278K,3.7K,1.8K
bebopandbebe,BebopandBebe,750.4K,3.3M,127.2K,7.6K,354
beca,Rebeca Barreto,23M,1.7M,219.8K,2.2K,1.5K
bellafoodie,Julie & Bella,4.2M,2.3M,271.8K,709,778
bellapoarch,Bella Poarch,90.2M,6.8M,921.9K,9.5K,1.2K
bellaretamosa,bella,5.4M,2.3M,394.3K,1.1K,709
ben_brainard,Benjamin Brainard,2.6M,1.3M,296.9K,1.2K,1.1K
benjikrol,Benji Krol,31.1M,1.6M,234.7K,1.8K,348
berusahalucu,Berusaha Lucu,694K,3.9M,239.8K,954,940
bessan_esmail,Ø¨ÙŠØ³Ø§Ù† Ø§Ø³Ù…Ø§Ø¹ÙŠÙ„ - Bessan Ismail,10.4M,2.5M,175.7K,2.6K,1.3K
bhaviboi,bhaviboi,279.7K,3.4M,346.9K,677,791
bi_131_bi,B.I,1.4M,1.1M,232.1K,2K,1.3K
bibidong07,nhá»‡nğŸ•·ï¸ğŸ•¸ï¸(tÃ­ch xanh lÃ¡ trá»i),5.7K,1.9M,149.8K,6.6K,3.9K
biggieclean,Biggie Clean,4.8M,3.7M,364.5K,1.4K,456
bilal.hd91,Bilal Haddad | Ø¨Ù„Ø§Ù„ Ø§Ù„Ø­Ø¯Ù‘Ø§Ø¯,2.1M,1.5M,175.1K,3.1K,1.2K
bilalahy,Bilal,2M,1.1M,224.5K,1.3K,2.1K
billlnai,nai,8.5M,1.7M,403.7K,958,912
blacchyna,blacchyna,1.1M,1.7M,174.2K,3.7K,1.1K
blacksels,seul,59.1K,620.8K,208.8K,1.8K,5.4K
blakeb628,Blake,568.4K,1.3M,161.3K,1.1K,10.3K
blondebrunetteredhead,Lamila Petschart,12M,14.2M,2.6M,9.8K,7.5K
boberrybiscuits2,ğŸ¤¾ğŸ¼,59.8K,1.5M,309.9K,1.9K,7.5K
booboothafoocloset,Boo Boo,1.4M,1.2M,314.5K,673,1.3K
borhen.kachbouri,borhen kachbouri,204.1K,3.6M,331.2K,926,604
botakteras,Mike,2.8M,2.4M,207.1K,1.7K,529
boywithuke,boywithuke,4.9M,1.7M,209.3K,2.2K,691
brandonrogers,Brandon Rogers,1.5M,2.7M,497K,1.7K,4.7K
brandonspam_,Brandon Conner,8M,1.9M,380.2K,2.1K,348
brentrivera,Brent Rivera,43.9M,2.9M,540.2K,2.2K,321
bretmanrock,bretmanrock,14.2M,3.2M,617.2K,1.7K,1.4K
bricks.and.disorder,Ola ğŸ¤œğŸ¾âš¡ï¸ğŸ¤›ğŸ» Cullen,755.3K,2.5M,448.1K,1.2K,666
briggi_bozzo,Briggitte Bozzo,22M,3.6M,335K,388,571
brilionaire,model kentangğŸŸ,3.9M,4.1M,369.6K,2.1K,7K
brittany_broski,Brittany,7M,1.3M,236.7K,1.2K,1.4K
brittikitty,Brittany & Lily,12.6M,3.7M,550.9K,2.1K,2K
brodywellmaker,Brody Wellmaker,21.1M,6.3M,853K,6.1K,16.4K
brookemonk_,Brooke Monk,20.3M,2.7M,466.9K,2.2K,1.2K
brunabarbieoficial,Bruna Barbie,18.4M,2.6M,168.8K,12K,1.9K
bstchld,BeastChild,4.4M,2.8M,362.7K,3.1K,5.2K
bukanstreet,Bukanstreet,1M,1.3M,171.5K,2.4K,1.5K
burnaboyofficial,Burna Boy,972.8K,1.3M,164.5K,1.8K,2.4K
c4tluvr666,kennedy,2.4M,2.7M,558.5K,1.4K,1.5K
cakelegend,Â¡Aliya!,1.3M,3.5M,900.6K,14.6K,1.1K
caleb.green,Caleb Green,2.9M,3.1M,256.4K,897,329
camimendes,camila mendes,2.6M,6.2M,971.2K,2.8K,777
canalzezao,ZezÃ£o,5.9M,1.9M,105K,1.1K,6K
caocuongvu,caocuongvu,3.7M,3.4M,395.4K,2.2K,797
captain.cream,CAPTAIN CREAM,4.2M,2.8M,345.5K,3.2K,4.2K
carebearkieran,Kieran,469.1K,1.6M,354.4K,1.2K,2K
carlcunard,Carl Cunard,3M,5M,158.3K,1.3K,3.1K
carloandsarah,,3.7M,2.7M,240.6K,886,2.3K
carloscastroes,Carlos Castro,12M,1.6M,152.3K,400,3.1K
carloscastroes,Carlos Castro,12M,1.6M,152.3K,400,3.1K
carlosferiag,Carlos Feria,39.2M,3.3M,251.9K,2.2K,203
carolcastromx,Carol Castro,11.3M,3.1M,440.7K,1.5K,367
carolinarinconf,carolina,5.5M,5.9M,654.1K,3.2K,2.9K
carolvillanes,Carol Villanes,5.5M,1.9M,336.4K,6.6K,322
cassholland,Cassie Holland,1.7M,2.4M,390.2K,1.4K,943
cavalo.do_rock,daniel molo oficial,154.4K,1.4M,258.5K,7K,17.7K
cbum,Chris Bumstead,2.6M,1.6M,215.8K,1.1K,2.7K
cciinnn,CiiN,6.6M,2.6M,296.4K,1.7K,588
cdiasss_,Carol Dias,2.5M,1.9M,497.4K,2.3K,977
cecia.loaiza,Cecia Loaiza âœ¨,6.2M,1.9M,277.7K,2K,388
cedriklorenzen,Cedrik Lorenzen,2.5M,3M,301.1K,4.3K,8.1K
cellat36,cellat36,8.5M,1.9M,171.4K,5.4K,1.6K
cemresolmaz,cemre solmaz,10.3M,2.4M,164.3K,6.4K,1.6K
cerenyaldz,Ceren YaldÄ±z,9.3M,1.1M,97.7K,7.9K,1.5K
cerolzera,CEROL,4.1M,1.7M,180.4K,2.7K,1.3K
cesarpantoja.n,Cesar Pantoja,13.2M,3M,489.1K,1.3K,311
cha.momilie,Roma,1.2M,2M,282.1K,2K,1.1K
championsleague,Champions League,14.9M,3.8M,551.9K,3.4K,2.3K
chamrent,chamrent,2.1M,3.7M,370.9K,1.7K,1.3K
chanelterrero,Chanel Terrero,404.7K,2.3M,257K,1.5K,387
chang._.a,ì°½í•˜CHANGHA,22M,1.4M,286.2K,3.6K,1.9K
charlidamelio,charli dâ€™amelio,142M,16.4M,1.8M,27.3K,9.5K
charlieputh,Charlie Puth,17.2M,1.9M,234.6K,2.6K,772
charlymarieofc,CharlyMarieofc,966K,1.3M,103.1K,1.5K,5.4K
charlyokei,Charlyokei,4.1M,3.6M,343.5K,824,1.1K
chedurena,Che Durena,6.8M,2M,231.5K,1.7K,6.8K
cheekykiddo,alexğŸ¤,4.1M,2.2M,231.8K,489,1.6K
chicken_nugget_.0,ChickenNugget,862.7K,1.6M,240.6K,1.9K,2.8K
chiefilomeno,C  H  I  E,2.8M,2.4M,179.1K,1.5K,596
chikakiku,ğŸ–¤ğŸ™†ğŸ»â€â™€ï¸âœ¨ğŸ§šğŸ»,8.5M,3.3M,247.1K,2.1K,679
chimeconem.official,Chá»‹ Máº¹ & Con Em,637.6K,3.9M,247K,599,442
choega,BEDDY,5.5M,2.1M,348.2K,4.1K,2K
chourouk.model_official,Chourouk_model_official,4.8M,3.4M,147.2K,851,2.4K
chris,Chris Olsen,7.7M,2.1M,353.3K,897,895
chrisbrownofficial,chrisbrownofficial,6.2M,2.2M,306.6K,3.6K,3.6K
chrisdelia,ChrisDElia,2M,1.1M,163.2K,1.1K,3.1K
cicichania96,Cici Chania,2.7M,2.7M,188.1K,2.3K,1.6K
cizimmektebi,Ã‡izim Mektebi,338.1K,6.1M,239.6K,3.3K,6.8K
claragnds,Maria Clara Garcia,17.1M,1.8M,219.2K,2.4K,1.2K
clerishwijaya,Cherish Wijaya,494.2K,1.8M,129.9K,2.6K,3.6K
clubgodzilla,Beatking,195.2K,3.1M,618.6K,4.6K,1.7K
cocielo,JÃºlio Cocielo,4.6M,3.6M,438.2K,601,613
codsterss,codsterss,58K,13M,951.6K,13.2K,136K
com.yamato0515,ã€ã‚³ãƒ ãƒ‰ãƒƒãƒˆã€‘ã‚„ã¾ã¨,1.8M,2.3M,213.7K,2.8K,1.5K
com.yamato0515,ã€ã‚³ãƒ ãƒ‰ãƒƒãƒˆã€‘ã‚„ã¾ã¨,1.8M,2.3M,213.7K,2.8K,1.5K
com.yuta0305,ã€ã‚³ãƒ ãƒ‰ãƒƒãƒˆã€‘ã‚†ã†ãŸ,1.2M,2.2M,226.7K,2.4K,1.9K
com.yuta0305,ã€ã‚³ãƒ ãƒ‰ãƒƒãƒˆã€‘ã‚†ã†ãŸ,1.2M,2.2M,226.7K,2.4K,1.9K
conangray,conangray,5.7M,1.4M,363.2K,3.7K,1.8K
coopernoriega,Cooper Noriega,2.9M,4.2M,287K,2.5K,1.6K
creationsross,RossCreations,2.4M,3.2M,402.1K,1.2K,4.3K
creative_explained,Armen Adamjan,4.5M,1.9M,184.9K,836,7.8K
criminalksa,ÙƒØ±ÙŠÙ…Ù†Ø§Ù„ğŸ¦Š,1.1M,3M,223.6K,1.2K,859
cris_soto.09,CRIS SOTO MTA,361.4K,2.3M,126.5K,340,5.2K
crisp.ink,ğ‘ğšğœğ¡ğšğğ¥,620.6K,2.2M,536.9K,4.1K,10.6K
cristobalsoria,CristÃ³bal Soria,701K,3M,392.8K,6.6K,14.5K
cuongkido,CÆ°á»ng kido,1.5M,3.6M,221.9K,869,704
cvillaloboss,Carmen Villalobos,13M,6M,500.6K,2.9K,927
cznburak,cznburak,59.5M,4.3M,288.9K,1.6K,927
daffaxml,YouTube : Daffa AL,864.5K,1.9M,190.3K,2.8K,1.3K
dafnnejm,dafnne â˜»,2.1M,1.6M,354.7K,688,761
dal9_5,DalÃ© .,102.6K,1.8M,204.2K,4.3K,10.9K
daniel.labelle,Daniel LaBelle,26.2M,5.5M,777K,2.6K,3.4K
danivallem,Dani Valle,4.5M,1.4M,108.4K,764,16.1K
dannapaola,Danna Paola,16.3M,4.5M,554.1K,1.6K,778
danphto,D A N P H T O,448K,2.3M,206.9K,2K,382
danythegaggio,Daniele Cabras,3M,2.2M,300.2K,2.5K,12.1K
daotthungan,ÄÃ o TThu NgÃ¢n,1M,3.1M,229.7K,985,301
daraarafah24,daraarafah,786.4K,3.3M,429.8K,5.8K,2.7K
darianrojasc,D A R I A NR O J A S,30.4M,8.1M,1M,3.9K,1.2K
dasigantung,Dasi Gantung,5.6M,2.7M,426.2K,1.2K,918
datdo0803,Äá»— Äáº¡t,6.9M,5.8M,592.4K,2.2K,696
datvilla94,ğŸ”¥Äáº¡t VillağŸ”¥,7.1M,4.5M,490.8K,8.3K,4.6K
daveardito,Dave Ardito,8.8M,3.9M,330.6K,2.6K,1K
daviddobrik,DAVID DOBRIK,26M,5M,854.6K,2.1K,2.6K
davidgalvanv,David GalvÃ¡n,4.8M,2.1M,291.8K,2K,548
davidsiwonchoi,ìµœì‹œì› â€¢ Siwon Choi,2.5M,1.9M,309.7K,2.2K,1.8K
davidyrodriguez,That French Guy,8M,1.4M,256.6K,1K,1.7K
deborahyowa,Deborah yowa,14.5M,6.9M,351.4K,6.5K,2.7K
deiveleonardooficial,Deive Leonardo,5.8M,1.8M,194.8K,1.9K,39.7K
delaneysayshello,Delaney Rowe,1M,1.3M,224.6K,1.3K,2.9K
dennnyn,DENII,3.4M,1.1M,148K,959,6.7K
deon.k.washington,DeonğŸ‘‘,112.8K,717.2K,125.3K,1.4K,7.7K
dereklipp_,Derek Lipp,4.9M,2.5M,348.2K,1K,4.4K
devincaherly,Devin Caherly,7.9M,2.7M,279K,1K,119
devon_palmer,devon palmer,1.9M,2.1M,432.5K,1K,1.7K
dexter.the.tabby,dexter.the.tabby,159.2K,4.7M,1M,12.4K,13.1K
dhanihehee,BSKãƒ»ï¼¤ï½ˆï½ï½ï¼‘áµ€áµ’á´¾,1.4M,1.8M,138.3K,4.3K,661
diefebri19,Febriana,686.7K,1.7M,227.2K,1.8K,293
diegodiego_,Diego Cruz,7.8M,3.3M,496.8K,2.5K,2.1K
diiegospyckerzs,Diiego Spyckerzs,808.5K,2.8M,154.5K,3K,11.8K
dilanjaniyar,Emang namanya Dilan,1.7M,2.2M,283.9K,1.6K,1.1K
dilanjaniyar_2,Emang Dilan namanya,2.5M,2.2M,262.7K,1.6K,1.3K
dilaraaduman,Dilara Duman,2.2M,4.7M,338.3K,1.5K,1K
dissectpodcast,dissectpodcast,471.6K,1.3M,252.5K,1.4K,5.3K
ditanganu,DitaKerangğŸŒŠ,5.9M,3.6M,416.1K,2.4K,768
dj_hyo,Hyoyeon_djhyo,1.6M,3.2M,606.7K,5.6K,3.2K
djsnake,DJ Snake,2.3M,2.2M,247.8K,1.9K,1.5K
dmcomics,DM,493.4K,1.7M,169.1K,2.2K,10.1K
domelipa,Dominik,54.2M,8.6M,1.5M,14.3K,4.1K
dontstopmeowing,Kareem & Fifi,11M,1.8M,224.4K,1.1K,1.7K
dorychang_03,ChangDoryğŸ¬,3.8M,3.9M,341.5K,1.5K,943
dovecameron,Dove Cameron,11.6M,2.8M,538.8K,1.5K,492
drewafualo,Drew Afualo,7.4M,2.7M,568.2K,3.7K,1.4K
drisantosbr,drisantosbr,3M,1.5M,197K,1.7K,2.4K
droop314,Droop314,465.9K,997.2K,70.2K,1.3K,13.1K
druskitv,DRUSKI,3.5M,2.8M,519.5K,3K,9.4K
dualipaofficial,Dua Lipa,8.4M,3.1M,178.7K,1.6K,2K
dudamaryah,dudamaryah,5.2M,2.2M,367.7K,1.4K,1.3K
dudamaryah,dudamaryah,5.2M,2.2M,367.7K,1.4K,1.3K
duncanyounot,Duncan Joseph,4.3M,720.5K,246.4K,2.9K,1.9K
dunkmvp,DunkMVP,3.3M,4.6M,698.7K,1.3K,2.2K
dxbxd,Saad Abdullah,2.4M,1.8M,219.1K,2.2K,1.5K
dylanmulvaney,Dylan Mulvaney,5.4M,3.1M,700K,7.3K,1.8K
dylanpage.ning,Dylan Page,2.8M,2.2M,344.3K,5.2K,2.6K
earlthejackass,Earl,84.5K,2.9M,359.2K,3.8K,14.1K
editnessbarrett,NESS,157.3K,1.5M,275.7K,1.8K,845
edpeople,Ed People,1.4M,1.8M,278.1K,1.8K,1.5K
edsheeran,Ed Sheeran,11.4M,1.8M,166.9K,2K,672
eduardbaka,Eduard,1.5M,1.4M,233.6K,1.9K,978
edwinmendozza,ğ–Šğ–‰ğ–œğ–ğ–“,14.7M,3.2M,514.3K,1.1K,249
eggrollfish,7aizagatha,56.5K,2.2M,438.3K,3.2K,7.9K
ehbeefamily,Eh Bee Family,11.4M,3.4M,344.5K,1.3K,761
ehlija,Eh Lija,3.9M,3.1M,402.7K,1.8K,1.7K
el_chicanero,El_chicanero,2.7M,2.5M,227.1K,1.5K,7K
el_creador_del_sex3,HOLASğŸ•º,31.2K,1.3M,134K,1.7K,3.1K
el.pollofritoxd,por fin a alguien,89.2K,1.2M,220.8K,4.1K,8.9K
elchimbatv,EL CHIMBA,1.7M,3.4M,277.9K,1.2K,3.7K
elinameng,elina meng,2.1M,4.2M,558.4K,886,598
elliotforbes,Elliot Forbes,8.3M,3.5M,292.2K,628,311
elmercanchi,Que chimba sog,1.5M,4.2M,362.9K,2.4K,7.2K
elongggg,ELONGGGG,2M,2.1M,339.8K,2K,589
elrodcontreras,RODğŸ« ,41.1M,3.6M,496.7K,3.8K,622
elysemyers,Elyse Myers,5.1M,1.5M,172.7K,2.7K,1.7K
em.ire,irene,259.5K,1.2M,211.6K,2.2K,2.8K
emiliamernes,Emilia Mernes,3.9M,10.8M,1.6M,3.9K,2.7K
emillyvickof,Emilly Vick,10.3M,4.4M,354K,707,638
emilmario69,emilmario,7M,5.5M,199.9K,3.7K,1.3K
emilyfauver,emily&ella,3.6M,2.6M,380.2K,730,1.3K
emilymariko,Emily Mariko,10.9M,3.3M,309.1K,945,560
emmybear1005,Emily,1.6M,4M,431.3K,2.8K,2K
engfa32,ENGFA,2.7M,1.7M,233.3K,1.6K,829
enhypen,enhypen,11.8M,8M,2.4M,63K,40.6K
enzomk_,enzomk,879.7K,2.7M,229.6K,1.1K,9.6K
erictro,Eric Tro,3.9M,5.5M,534K,618,1.1K
erinboyle_np,Erin Boyle,5.9K,1.8M,123.6K,2.5K,20.1K
esnyrdump,esnyrDUMP,896.1K,2.4M,409.7K,3.3K,1.8K
estanahi,AnahÃ­,1.3M,2.9M,419.5K,833,571
estetsh0,Belal L Galy,1.1M,1.2M,165.8K,1.1K,4.1K
eupereiraoficial,Eu Pereira,7.2M,9.9M,776.6K,4.2K,7.7K
euro2024,EURO2024,7.2M,2.1M,390.5K,2.7K,2K
euwillou,Willou,8.6M,2.3M,360.9K,1.7K,2.7K
everydaycode,Everyday Code,223.3K,2.7M,235.4K,1.1K,2.3K
expeditionevans,Expedition Evans,271.3K,3M,355.7K,542,2K
eyavanana,Eya,12.3M,2.9M,492.5K,1.7K,1.2K
fabiola.baglieri,ğ¹ğ‘ğ‘ğ‘–ğ‘œğ‘™ğ‘,12.3M,2.9M,375.9K,1.2K,537
fabru_blacutt,Fabru,18.1M,2.2M,242.9K,2.4K,562
fadiljaidi,Fadil Jaidi,8.3M,10.7M,1.7M,11.4K,8.2K
fahmi.n1997,fahmi.N1997,1.9M,4M,389.5K,1.7K,835
fahmi.nm,Fahmi,8.3M,2.7M,260.9K,1.4K,738
faithkristin,faith kristinâ˜ï¸,592.1K,1.8M,271.7K,4.8K,5.1K
farhakhalidi,Farha Khalidi,1.4M,2M,364.7K,2.6K,2.2K
farhanrn__,FARHAN,4.7M,4.2M,688K,3.2K,1.7K
faryanggaa,Ryann,5.2M,1.8M,344.4K,1.5K,491
fedevigevani,Fede Vigevani,13.6M,3.3M,437.7K,2.3K,561
fedez,fedez,5.5M,2.8M,422.4K,1.2K,2.3K
felipenpv,Felipe Paiva,2.2M,2.8M,515.5K,5.5K,4.5K
femin,ThiÃªn Ã‚n,2.1M,2.9M,254.5K,4.5K,573
fendibaee,ğŸ¤,54.9K,788.7K,206K,3.6K,3.1K
ferchugimenez,Fernanda,6.1M,4.1M,729.3K,1.8K,1.2K
ferxxo444,Feid,2.6M,1.2M,234.8K,1.4K,4.5K
firmanskd,ğ™†ğ™Šğ˜¾ğ˜¼ğ™‰,2.7M,2.3M,212.6K,654,9.9K
firmanskd,ğ™†ğ™Šğ˜¾ğ˜¼ğ™‰,2.7M,2.3M,212.6K,654,9.9K
flavinhalouise,Flavinhalouise,11.5M,1.4M,128K,740,3.6K
fleekedbymitch,fleekedbymitch,821.2K,5.6M,590.9K,3.2K,3.8K
flickerspark_,flickerspark_,1.2M,2.1M,516.8K,1.4K,1.5K
fontenel.le,fontenelle,243.8K,1.2M,259.5K,2.2K,540
foodtimecali,Juan C | RECETAS FOODTIME,4.1M,3.8M,284K,655,20.8K
football.clips_09,Football & FIFA Content âš½ï¸,224.5K,3.3M,323K,1.7K,1.1K
fox.brown,Fox,391.7K,1.8M,308.2K,1.6K,3.4K
frankielapenna,Frankie LaPenna,3.4M,7.1M,316.7K,1.2K,4.1K
freeritzyralph,Ritzyralph,1.6M,1.1M,281.5K,2K,2.4K
frnzlynfby,Feby,2.4M,1.4M,324.7K,1.5K,1.7K
fujiiian,Fuji,15.4M,4.3M,449.4K,2.1K,1.9K
furryfritz,furryfritz,3.9M,1.7M,271.6K,1.1K,2.5K
fyp,jack neel,8.3M,1.8M,372.2K,762,544
g.catt.eng,Dennis loves cats,2M,1.9M,219.9K,1.1K,1.3K
gameboytok,Gameboyrl,33.9K,2.8M,424.5K,1.3K,3.1K
gemelasabello2,gemelasabello2,15.7M,5.7M,554.8K,1K,1.8K
german_crusader,Stardust Crusader,158.6K,1.1M,208.9K,1.7K,4.6K
germangarmendia,German Garmendia,17.5M,8.8M,1.6M,17.2K,9K
ghait6h,ØºÙŠØ« Ø®Ø§Ù„Ø¯,1.1M,1.6M,176.5K,4.3K,674
giangiu88,GiaNGiu,3.7M,2.5M,304.5K,1.2K,2.7K
giannis_an34,Giannis Antetokounmpo,3.4M,1.7M,210.3K,1.8K,764
gil_foot2,gil_foot2,1.5M,1.2M,210.6K,513,3.3K
glbtfilms,â¦,76.3K,684.7K,195.6K,2.4K,3.4K
goldens.fourever7,Z&M&B&N&F&C&T,965K,1.2M,171.5K,1.3K,7K
gordonramsayofficial,Gordon Ramsay,32.8M,11.2M,648.3K,5K,1.9K
grbgt9,zu Hause âœŒğŸ¾,132.6K,2.2M,177.6K,1.1K,2K
greenshrimps,olivia,83.3K,1.5M,334.9K,2.8K,1.3K
gregisms,Gregismsâ€™ Neighborhood,2.4M,1.1M,180.6K,6.6K,6.4K
gtcreationslime,Giovanni T. ğŸ‡®ğŸ‡¹,4.1M,3.1M,183.9K,728,946
guilhermebatilani,guilhermebatilani,398.7K,2.1M,323.3K,983,2.7K
guiraya,O MilionÃ¡rio,733.2K,2.2M,197.3K,1.3K,1.3K
gustavomeloof,Gustavo Melo,5M,1.4M,113.4K,1.2K,8.8K
gusyterequijas,Gus Quijas,1.8M,1.6M,236.9K,777,2.7K
gutierrezcastro,Gutierrez Castro,13M,1.4M,229.9K,2K,2K
gzfoodqood,Foodqood by Giallozafferano,17.1M,2.5M,237.5K,745,808
haidang_doo,Hai Dang Doo,2.6M,4.5M,317.3K,607,398
haileybieber,Hailey Bieber,9M,2.4M,257K,2.5K,805
hakobone,jakobone_hh,299.2K,2.9M,195.8K,1.6K,6.5K
halinhofficial,Ha Linh Official,1.3M,3.2M,223.3K,3.2K,1.2K
haqiemstopa,Haqiem_stopa,846.7K,2.1M,156.4K,2.5K,697
haritsuuu,ãƒãƒªãƒ„ğŸŒ¿æ¥µ,1.8M,6.7M,307.3K,7K,8.8K
harry.shin,harry - hiatus era â˜†,904.5K,4.3M,509.6K,2.4K,833
hasanmucci,hasanmucci,2.1M,2.5M,196.6K,1.6K,619
hat590,HAT Snow,3.6M,1.5M,191.3K,2.4K,306
hayleygeorgiamorris,Hayley Morris,3.2M,2.4M,366.7K,1.4K,9.6K
herranwalt,Herr Anwalt,5.5M,1.8M,282K,2.3K,1.6K
hikakin,HIKAKIN ãƒ’ã‚«ã‚­ãƒ³å…¬å¼,1.6M,4.8M,454.5K,4.1K,6.3K
hoaa.hanassii,ÄÃ o LÃª PhÆ°Æ¡ng Hoa,12.8M,6M,618.5K,3.8K,849
hoaminzy_hoadambut,HoÃ  Minzy,4.2M,2.8M,280.2K,789,268
hoaminzy_hoadambut,HoÃ  Minzy,4.2M,2.8M,280.2K,789,268
homm9k,Ğ¥ĞĞœĞ¯Ğš,42.1M,2.2M,301.9K,2.3K,569
hourialesyeuxverts_off,Houria les yeux verts,143.2K,1M,102.1K,1.5K,6K
how.kev.eats,how.kev.eats,2.2M,2.6M,305.9K,1.4K,401
howridiculous,howridiculous,13.6M,13.9M,516.3K,889,758
hstikkytokky,hstikkytokky,808.7K,1.6M,161.4K,2.5K,1.7K
hunterprosper,Hunter Prosper,4.7M,2.2M,384.6K,1.2K,1.9K
i.f.t.fishing,IFTFishing,9.7K,3.8M,154.5K,2.1K,12K
iamdikeh,Dikeh,2.8M,1.8M,174.5K,2.4K,1.3K
iamferv,Fernanda,29.3M,10M,1.4M,10.2K,6.4K
iamkelianne,Kelianne,9.9M,4.2M,452.5K,360,263
iamnotshaneofficial,iamnotshane,225.5K,2.2M,187.4K,554,2.8K
iampauloandre,Paulo AndrÃ© ğŸ,1.4M,4.3M,854.1K,5.5K,6.4K
iamzario,zario,2M,1.2M,244.6K,1.8K,1.5K
iben_ma,Iben M.A.,7M,5.2M,379.1K,20.9K,1.1K
ig_alongwiranda,ğŸ•ŒğŸƒ,880.7K,3.2M,129.4K,1.2K,20K
ikercasillas,Iker Casillas,2.4M,1.3M,212.1K,2.4K,3K
ikhmal_azzarin,Ikhmal Azzarin,407.4K,4.4M,303.7K,4K,3.8K
iloveyourmomscatt,,8.2K,1.3M,159.3K,4.9K,3.3K
ilusha_help,ilusha_help,4.6M,2.3M,75.9K,1.2K,7.9K
ilyasikuba,Ilyasikuba,2.7M,1.9M,188.8K,558,2.4K
imdimpey,Dimpey,8M,1.4M,330K,3.1K,4.7K
imma.tokyo,imma,486.9K,9.9M,1.2M,5.7K,3.1K
inachitomer,iNacho Mer,1.3M,2.9M,516.2K,1.1K,1K
incorrectlyroce,Roce OrdoÃ±ez,6.5M,3.9M,650.4K,2K,2.3K
infinite,Infinite,7.3M,4.8M,722.3K,6.9K,382
infinite,Infinite,7.3M,4.8M,722.3K,6.9K,382
ingratax,ingrid,14.8M,3.1M,617.8K,784,420
initiaraandini,tiara andini,4.7M,3.5M,338.6K,1.3K,1.2K
iqmorteza,Ù…Ø±ØªØ¶Ù‰ Ù…Ø­Ù…Ø¯,873.5K,3.7M,429.8K,6.5K,2K
isaach.p,Isaac H.P,1.8M,1.2M,189.4K,3.2K,2.1K
isaiahgarza,Isaiah Garza,7.5M,1.6M,297.3K,1.5K,954
isaliagomez_,Salma Isalia GÃ³mez,703.8K,1.6M,297.3K,863,3.7K
its.michhh,Michel Chavez,30.2M,2.4M,369.7K,1.9K,193
itsjojosiwa,JoJo Siwa,41.8M,3.5M,429.2K,2.2K,619
itskingchris,KingChristian,16.2M,1.8M,355K,3K,1.8K
itslennnie,lennnie,2.3M,764.7K,120.6K,1.5K,20.4K
itsmenicksmithy,Nick Smithyman ğŸ¤“,7.4M,2.2M,415.4K,3.4K,2.4K
itsoraida,itsoraida,4.2M,1.1M,254.5K,1.7K,2.1K
itsqcp,QCP,10.1M,1.6M,297.7K,1.5K,916
itssassagurl,Sassa Gurl,6M,3.9M,716.4K,3.3K,6.5K
itstalasafwan,ØªØ§Ù„Ø§ ØµÙÙˆØ§Ù† | Tala SafwanğŸŒµğŸ‘¸ğŸ½,4.7M,2.9M,177.6K,4.6K,1.4K
itsthescotts,The Scotts,6.2M,1.5M,231.7K,517,2.2K
itzyofficial,ITZY,8.4M,1.2M,332.4K,3.8K,2.3K
ivanmartinez,Ivan KENğŸ¤´ğŸ¼,12.4M,3M,392.1K,1.3K,489
ivanovik.83,ivanovik.1983,172.7K,2.3M,91.5K,1.1K,11.1K
ive.official,IVE.official,2.2M,7.7M,1.5M,12K,14K
jack_papho69,à¹à¸ˆà¹‡à¸ à¹à¸›à¸›à¹‚à¸®,6.7M,3.3M,313.1K,2.3K,964
jackgrealish,Jack Grealish,3M,2M,256K,4.5K,1.7K
jacobday,jacob day,3.7M,1.2M,193.1K,3.4K,1.2K
jadepicon,JADE PICON ğŸŒª,8.1M,2.8M,342.7K,1.8K,843
jaimeonod,Telma,1.5M,2M,319.5K,3.2K,1.3K
jakeandrich,Jake Andrich / Jakipz,12M,2.6M,241.8K,2.5K,3.3K
jakeandrich,Jake Andrich / Jakipz,12.5M,1.8M,184.3K,2K,2.7K
jakemaldonado,Jake Maldonado,6.5M,1.7M,324.1K,659,2.7K
jakepaul,Jake Paul,16.5M,3.1M,354.9K,2.8K,1K
jamescharles,James Charles,36.2M,3.1M,344.6K,1.6K,631
janeydm,à¸£à¸±à¸Šà¸™à¸ à¸ªà¸¸à¸§à¸£à¸£à¸“à¹€à¸à¸•à¸¸,14.3M,2.6M,305.1K,1.3K,381
jaxwritessongs,Jax,9.5M,2.4M,346.5K,3.1K,2.2K
jaykindafunny8,Jaykindafunny,23.9M,5.8M,426K,3.3K,4.6K
jaynie.dizire,JaynieğŸ§ğŸ½â€â™€ï¸,19.1K,1.2M,193.5K,3.2K,2K
jayrscottyy,CHESTA,2.7M,2.5M,333.2K,3.4K,1.9K
jdiasss_,JoÃ£o Dias,7.4M,2.8M,610.5K,5.6K,4.9K
jdpantoja,JD Pantoja,28.8M,4.1M,658.3K,8K,1K
jefripradewa,ğ—ğ—˜ğ—™ğ—¥ğ—œ ğ—£ğ—¥ğ—”ğ——ğ—˜ğ—ªğ—”,226.2K,1.6M,178.8K,3K,10.7K
jellybeannotvince,cutejellybean,542.7K,2.7M,352.2K,2.8K,6.9K
jennifergarner,Jen Garner,2.5M,2M,326.4K,1.6K,1K
jessnolimit999,Jess No Limit,6.2M,17M,1.7M,24.2K,11.5K
jesusortizpaz,Jesusortizpaz,1.7M,1.8M,207.5K,1.2K,832
jezzzini,jezzini,1.7M,1.4M,419K,1.6K,6.2K
jhothsa,jhothsa,13.3M,1.1M,189.8K,960,2.6K
jimena.jimenezr,Jimena,23.5M,3.7M,577.5K,962,2K
jimmydarts,Jimmy Darts,8.6M,2.2M,360.3K,3.5K,492
jjeverettrose,Jake Joseph Everett-Rose,3.2M,2.2M,345.8K,775,575
jmartineze_,josi,22.2M,2.4M,377.7K,1.8K,2.5K
joaoferdnan,JoÃ£o Ferdnan,7.7M,919.7K,143.3K,2.5K,4K
joe.bartolozzi,Joe Bartolozzi,18.8M,1.9M,338.8K,2.3K,552
joelsvnny,Joel Sunny,1.1M,897.8K,203.8K,2.7K,1.7K
joerauth_,Joe rauth,5.4M,1.9M,319.4K,1.2K,1.9K
joesantagato,Joe Santagato,1.5M,1.5M,175.5K,2.4K,2.5K
joeyvalence,Joey Valence,717.8K,2.8M,559.6K,1.1K,705
johnnyy.ed,johnnyy.ed,1.7M,1.2M,173.1K,1.2K,3.3K
jonata_26,JonatağŸ¤©,5.1M,2.5M,415.5K,1.1K,1.5K
jonata_26,JonatağŸ¤©,5.2M,2.3M,377.9K,999,1.3K
joshanglooo,josh anglo,670.9K,1M,315.1K,1.6K,1.9K
joshrichards,Josh Richards,25.6M,2.9M,275.5K,1.3K,682
joslum,JosÃ© L,12.1M,2.5M,327.3K,1.9K,403
jounggustav,Joung Gustav,3.4M,9.6M,1.3M,4.7K,6.7K
juanchimy,Juan Lopez,3.1M,2.1M,485K,2.4K,2.1K
jubiandxian,jubiandxian,4.7M,3.3M,557.8K,3K,2.6K
julesleblanc,jules,18.7M,1.9M,455.7K,1.6K,554
juliaaliceaa,jujuuu,3.7K,2.2M,550.3K,3.1K,14.3K
juliagisella,Julia Gisella,11.5M,2.6M,381.3K,7.4K,6.9K
junya1gou,Junya/ã˜ã‚…ã‚“ã‚„,42.7M,3.9M,174.4K,2.1K,2.3K
just_dt,Dt,8.9M,1.4M,221K,3.2K,2.8K
just.hamilton,Just Hamilton,2.6M,1M,185.5K,1.1K,3.4K
just.hamilton,Just Hamilton,2.6M,1M,185.5K,1.1K,3.4K
justthenobodys,JustTheNobodys,7.9M,2.9M,293.8K,1.5K,1.2K
jwaltonnn,á´Šâš¡ï¸,733.4K,1.6M,350.9K,27K,2.5K
k0uvr,Kouvr,13.6M,2.3M,404.2K,854,321
kaan.etm,Kaan,3.1M,1.5M,322.5K,2.1K,862
kaelimaee,kaeli mae,9M,1.9M,293.6K,682,864
kallmekris,Kris HC,44.5M,4.1M,784.3K,5.3K,2.1K
kamuimi,antoğŸ¦‹,306.2K,2.1M,411.3K,2.2K,522
karmalust.ff,karmalust ff,204.6K,962.9K,40.6K,36.1K,745
kartiniinspiringwoman,kartini.skm,359.9K,970.1K,80.8K,2.4K,11.6K
katclark86,Kat Clark,1.9M,2.7M,381.9K,1.1K,211
kaylamalecc,kayla,7.9M,3.3M,462.6K,3.9K,255
keirariff,Keira,4.2M,3.3M,545.2K,1.8K,2.5K
keniaos,KeniaOs,14.6M,1.6M,280.7K,4.8K,822
kenti.best.boi,kenti ğŸ¨,1.2M,1M,167.9K,1.9K,3.4K
kervo.dolo,Kervo.dolo,9.7M,5.6M,1.2M,7K,14.9K
keysilva990,Zukey Silva ğŸ§¿â¤ï¸,29.2K,2.3M,134.3K,1.5K,1.3K
kfc_es,KFC EspaÃ±a,2.8M,1.2M,171.7K,3K,1.5K
khaby.lame,Khabane lame,143.2M,25.3M,2.9M,23.5K,16.3K
khalidandsalama,â£ï¸Khalid & Salamaâ£ï¸,4.6M,2.1M,204.8K,2.3K,2.3K
khoailangthang,Khoai Lang Thang,731.7K,3.9M,258.8K,2K,1.3K
kieuduylong16,Kiá»u Duy Long ğŸ‰,1.9M,2.6M,311.5K,1.8K,335
kikakiim,Kika Kim,30.9M,2.8M,307.5K,1.4K,698
kimandnorth,Kim and North,6.8M,3.6M,684K,0,3.7K
kimberly.loaiza,Kimberly Loaiza,64.2M,6.3M,1M,11.5K,2.6K
kinemachuu,æµã‚Œæ˜Ÿâ˜†ã¡ã‚…ã†ãˆã„,215.6K,2.6M,205.2K,1.1K,10.5K
king_misr,ğŸ¨Ù…Ø­Ù…Ø¯ ÙØ§Ø±ÙˆÙ‚ Ø§Ù„Ø±Ø³Ø§Ù…ğŸ¨,2M,1.5M,82.1K,1.1K,7.5K
kingblackcinema,Black Cinema,90.9K,979K,206.9K,2.3K,5.4K
kirbyquimado,Kirbyyy,187.9K,2.1M,274.9K,1.5K,7.6K
kjsmoothh,Kjsmoothh,2.5M,5.3M,793.2K,10.2K,13.5K
kodakblack,Kill Bill,1.3M,1.2M,196.7K,4.3K,4.2K
kodasteven,StevenğŸ‡µğŸ‡·,5.3M,2.4M,512.7K,3.4K,1.9K
kodyantle,Kody Antle,28.8M,7.3M,467.9K,2.1K,5.3K
kookiiecore,safe space,1.2M,904.1K,305.8K,1.3K,2K
kozuehayashii,KOZUE,6.7M,2.7M,517.1K,568,812
kpp2179393999,ãã‚ƒã‚Šãƒ¼ã±ã¿ã‚…ã±ã¿ã‚…ã®è£å¢,834.9K,6.5M,345.5K,1.3K,3.2K
kristenhanby123,Kristenhanby,12.2M,8.3M,700.5K,1.3K,2.5K
kru1d,à¸„à¸£à¸¹à¸«à¸™à¸¶à¹ˆà¸‡à¸ªà¸­à¸™à¸”à¸µ,4.2M,1.8M,108.5K,652,3.4K
ktkr_knw,ãƒãƒ¯ã®éš£,137.8K,3.1M,159.8K,802,3.1K
kulinaria.recetas,AGUS LIPORACE,3.3M,2.4M,287.1K,669,8.6K
kulubotnabetl0g,Ramburat,1.4M,987.4K,190.9K,3K,1.9K
kyliejenner,Kylie Jenner,41.2M,8.2M,1.2M,4K,1.3K
la_lerma,LERMITA,12.2M,1.4M,198.4K,1.2K,2.9K
la.maraaa,LA MARA,6.5M,1.2M,275.3K,3.4K,761
lachama4_ff,LA CHAMA á´°,9M,1.3M,214.3K,2.6K,434
ladygaga,ladygaga,6.7M,4.6M,886.4K,11.1K,4.4K
lagranjadelborrego,La granja del borrego,8.3M,2.5M,335.6K,2K,688
lanavlnc,Lanavlnc,151.9K,1.2M,144.2K,1.8K,4.3K
larasilvan,Lara Silva,16.8M,5.3M,797.7K,2.7K,2.8K
larissagloor,ğ—Ÿğ—®ğ—¿ğ—¶ğ˜€ğ˜€ğ—® ğ—šğ—¹ğ—¼ğ—¼ğ—¿,3.1M,1.5M,328.6K,3.6K,1.8K
laronhinesofficial,Laâ€™RonÂ®ğŸ¤,9.5M,2.7M,260.9K,1K,730
larrayeeee,LARRAY,25.9M,4.9M,527.6K,4K,1.2K
larraysucksihatehim,user6329084170278,695.9K,3.7M,877.4K,9.6K,2.1K
larrywheels,Larrywheels,1.8M,5.6M,669.1K,4.6K,10.1K
laschakv,Laschakv,971.7K,1.4M,238K,975,2.3K
laurahfritz,laura & lena,2.6M,1.3M,253.1K,881,1.6K
lauralove5514,LauraLove,5.9M,1.9M,292K,1.6K,638
lavdysheva,lera,762.4K,4M,842.2K,1.9K,1.7K
leaelui,Lea Elui,17.3M,2.8M,425.2K,743,1K
leanadeeb,Leana Deeb,6.9M,8.9M,1.6M,3.9K,6.4K
leanbeefpatty,Beef patty,4.5M,2M,351.7K,4.1K,2.7K
leavoon,Zhanel,1.3M,1.1M,420.6K,1.5K,4.1K
leen_mohd98,LEENğŸŒ¸,3.3M,1.6M,151.9K,1.9K,1.7K
leidys_sotolongo,Leidys Sotolongo,12.2M,2M,361.7K,1.5K,234
leleburnier,LELÃŠ BURNIER,1.8M,1.6M,312.7K,2.9K,803
leonardzbant,Leonard Zbant,3K,1.7M,131.2K,486,9.6K
letterkenny_problems,Letterkenny,2.1M,2.9M,276.4K,762,10K
leyla.tavas,leyla â™¡,778.4K,5.2M,1.3M,6.8K,7.9K
liammillerr,Liam Miller,4.1M,907.1K,220.8K,1.8K,2.5K
libardoisaza,Libardo Isaza,19.6M,5.1M,675.4K,1.2K,1.6K
lights.are.off,LIGHTS ARE OFF,19.4M,2.8M,218.5K,2.5K,1.3K
lil.tecca,Lil Tecca,1.8M,7M,1.4M,7.8K,18.4K
lilihayes,Lili Hayes,5.2M,2.5M,356.6K,1.5K,6.6K
lilireinhart,Lili Reinhart,4.7M,6.6M,1.2M,3.6K,5.2K
lilyxgarcia,Lily Garcia,10.9M,2.3M,382.1K,1.4K,1.2K
lionsgate,Lionsgate,4.1M,971.2K,232.1K,1.7K,2.7K
liverpoolfc,Liverpool FC,9.3M,2.2M,283.7K,3.1K,1.8K
livvy,Olivia Dunne,5.5M,2.6M,302.1K,2.1K,1.2K
livyyrenata,livy renata,2.2M,2.5M,239.2K,1.1K,862
lizzo,lizzo,24M,2.8M,438.7K,2.8K,1.2K
lizzza,Liza Koshy,29.8M,2M,425.1K,750,381
lkzinhu,LK,15.2M,3.6M,497.8K,1.8K,1.9K
lockedinout,ğŸ”,4.4M,5.4M,661.1K,1.7K,6.2K
locofer5,fermifer2,700.8K,1.4M,264.5K,1.9K,1.5K
loganpaul,Logan Paul,15.1M,3.7M,610.8K,1.9K,1.1K
logfive,Logan,2M,1.5M,211.8K,1.2K,1.7K
lollobaroque,Lollo,699.9K,2M,181.8K,6.4K,794
lonely.moods,:),354.5K,815.5K,214K,5.4K,10.6K
lonrot,Lonrot,1.3M,3.3M,386.8K,1.8K,5.2K
lorenzosabatoo,Lorenzo Sabato,160.5K,1.6M,223.7K,2.6K,6.1K
lorigreiner,Lori Greiner,1.8M,5.9M,379K,2.9K,1.5K
losariasbrothers,Los Arias,1.3M,2M,376K,1.2K,2.2K
lossiblings_,LossiblingsğŸ­,25.2M,2.2M,300.8K,891,380
louflores_,DIY | Home Decor | Makeup,2.8M,1.9M,150.4K,1.1K,4.8K
louisematejczyk,Louisamatejczyk,389.3K,2.9M,154.5K,642,1.3K
lowcarbstateofmind,Jackie Hartlaub,6.5M,1.9M,145.4K,656,6.4K
luadoll,ë£¨ì•„ LuA,11.2M,3M,326.3K,661,2.4K
lucas_burgatti,Lucas Burgatti,2.7M,3.3M,428.2K,1.6K,1.4K
lucaslopezvilet,Lucas Lopez,2.6M,4M,827.8K,5.9K,8.8K
lucaspopan,Lucas Popan,938K,1.8M,207.7K,2.2K,5.3K
lucasvarelaaaa,Lucas varela,2.7M,1.7M,307.6K,690,3.6K
lucifer_zam,Luzbel Zam,198.5K,777.2K,196.5K,451,34.5K
lukeeohalloran,Luke O'Halloran,1M,3.4M,302.3K,3K,4.9K
luongthingocha,NgÃ¢n HÃ ğŸŒ,5.5M,2.9M,350K,1.8K,346
luongthingocha,NgÃ¢n HÃ ğŸŒ,5.5M,2.9M,350K,1.8K,346
luvadepedreiro,Iran Ferreira (Lai),17.1M,5.9M,706.2K,5.5K,3K
lyfstyle.tv,Da Frontyardigans,356.3K,903.5K,267.6K,1.5K,2.7K
lyleforever,Therapy Gecko (Lyle),2.4M,1.8M,398.9K,696,2K
lyricoo__,ÊŸÊÊ€Éªá´„á´á´,1.2M,1.3M,165.7K,1.7K,8.6K
m0lnigt,Sandra,83.3K,1.4M,306.4K,2.7K,934
m7_x4,Ù…Ø­Ù…Ø¯ Ø´Ø§ÙŠÙ,2M,3.4M,305.6K,2K,1.5K
mac.twinkles,à¸ªà¸²à¸¡à¸µà¹à¸«à¹ˆà¸‡à¸Šà¸²à¸•à¸´,1.3M,2.8M,311.9K,497,458
machikayt,MachikaYT,12.5M,1.9M,264.5K,1.3K,301
machinegunkelly,Colson,3.6M,3.9M,444.7K,3.8K,3K
maddy.leah3,Not me,240.9K,2.9M,281.9K,6.7K,294
maddzak,Maddzak,4.5M,2.3M,128.5K,4.4K,109
madudepaoli,MaduğŸ’«,1.1M,7.5M,723.8K,2.9K,1.4K
mahmoud_xj,Quran Recitation,1.1M,942.9K,165.1K,2.1K,26.3K
mahmoudalhasanat09,Ù…Ø­Ù…ÙˆØ¯ Ø§Ù„Ø­Ø³Ù†Ø§Øª,6.2M,2.5M,314.3K,4.7K,7.7K
maiaknight,Maia Knight,8.6M,4.8M,912.3K,2.3K,1.1K
main_and_aseel,Main & Aseel,1.3M,3M,178.1K,1.4K,1.1K
maitreyiramakrishnan,maitreyi,4.2M,2.5M,484.4K,2K,1.3K
mamamomo2022,MamaMomo.oe,256.4K,1.8M,149.7K,1.6K,1.5K
mammybanter,Mammy Banter,1.3M,1.6M,220.8K,1.7K,6.5K
mandinhasiilvaa,Amanda Silva,214.5K,2.2M,230.4K,1.8K,1.9K
mandrake1984real,Giuseppe Mandrake Ninno,1.1M,1.4M,185.9K,1.4K,7K
manhtienkhoi_,Máº¡nh Tiáº¿n KhÃ´i ğŸ¯,3.5M,1.6M,198.4K,2K,961
manta_ec,Manta_ec,102.5K,6.1M,179.6K,1.3K,3.5K
margaritadebarros,Margarita De Barros,75.6K,10.9M,620.5K,870,1.5K
mariabecerra_22,Maria Becerra,6.8M,3.2M,528.2K,2.1K,1.2K
marialuciap29,LÃºcia,1.9M,2M,434.6K,3.1K,1.6K
marianna_alexandre,Marianna Alexandre,5.8M,2.1M,338.7K,1.2K,314
marianne.la.mesera,Marianne ğŸ¸,3M,4.7M,962.9K,1.3K,684
marilynl19,user1692838440296,995.2K,2.8M,476.5K,5.7K,12.8K
mariolcalderon,Mario Calderon,1.8M,815.8K,141.1K,3.9K,12.5K
marsaimartin,Marsai,3.4M,1.6M,355K,2.5K,1.2K
marshelwidianto,Marshel Widianto,2M,3M,208.5K,1.1K,1.3K
marshmellomusic,marshmello,25.7M,1.8M,245.8K,1.4K,577
marwanwsahar,MarwanwSahar,1.4M,2.5M,163.5K,710,2.2K
mas_nizar,IG: nizar_abzhr31,5.2M,1.8M,322.1K,2.6K,630
mateus_hwang,Mateus Hwang,1.9M,1.9M,136.8K,5.8K,2.6K
matheusevitoriaofc,Matheus e Vitoria,7.6M,2.8M,468.9K,1.4K,1.3K
mativelasco94,Mati Velasco,1.7M,5.1M,392.2K,2.2K,622
matsudake,M2DK/ãƒãƒ„ãƒ€å®¶ã®æ—¥å¸¸,5.7M,6.8M,284.5K,3.3K,1K
matt.larose,Matt Larose,498.8K,2.6M,371K,910,223
mattiastanga,Mattia Stanga,2.5M,1.5M,240.7K,2.4K,7.7K
mattstonie,Matt Stonie,2.6M,2.3M,322.9K,1K,285
mattsturniolo,Matt,2.1M,1.9M,386.2K,4.8K,938
mauoteroo,Mau Otero,4.3M,3.3M,349.2K,353,345
max7424453118,Max Taylor,2.8M,3.5M,572.6K,5.2K,9.5K
mayapolarbear,mayapolarbear,5.5M,1.5M,154.9K,756,8.4K
maymayentrata,maymay,9M,5.3M,697.9K,2.9K,2K
mckekell,kekel,3.9M,1.5M,154.3K,4.1K,2.5K
mcsilsiloficial,@mcsilsiloficial,6.6M,1.7M,134.1K,2.2K,6.3K
mdmotivator,Zachery Dereniowski,9.3M,5.1M,930.3K,3.4K,1.4K
meghanandjack,ğŸŒ»Meg and JackğŸŒ»,4.1M,1.7M,277.7K,548,2.4K
mell_editz0,é¬¼ â€¢ ğ† ğ ğ‰ ğ,480.5K,1.5M,229.9K,1.5K,1.1K
mellacarli,Mella Carli,2M,1.8M,283.7K,1.4K,6K
mementoe,MÃ¡tÃ© MÃ©hÃ©sz,3.6M,3.4M,588.5K,4.4K,5.8K
meowbahh,Meowbah!,1.5M,2.5M,92.4K,17.2K,2K
meowlife7,meowlife7,1.9M,3.3M,399K,1.3K,3.9K
mexicocookingclub,Calixto Serna,10.9M,1.7M,221.9K,1.1K,7.1K
miakhalifa,Mia K.,33.6M,8.6M,938.7K,2.5K,1.3K
michaelrendyw,Michael Rendy W,6.2M,4.6M,324.8K,806,746
michou_yt,Michou,7M,1.5M,272.7K,1.8K,574
midnightmood_oficial,Midnight Mood,15M,1.5M,145.6K,443,5.2K
mieayamthebstt,UnaağŸœ,14.3M,5.5M,582.8K,4.5K,2.6K
mikaylanogueira,Mikayla Nogueira,12.8M,1.9M,246.7K,1.8K,403
miketoks,Miketoks,12.9M,1.9M,261.2K,1.1K,654
miketyson,Mike Tyson,3.1M,2.5M,331.4K,5.8K,1.7K
milliyormlenlaew,MILLI,5.5M,5.9M,807.2K,1.5K,1.8K
milos.guzel,Milos,5M,1.7M,340.3K,1.1K,612
mimiermakeup,Mirta Miler,15.9M,2.3M,339K,1.2K,254
minami.0819,ğŸ¦„ğŸ’™MINAMIğŸ’™ğŸ¦„,1.4M,995.2K,114.1K,7.8K,778
missionaryjack,Jack Harlow,5.4M,4.4M,745.2K,9.1K,9K
mix_151,Mix_151,1.3M,3.3M,268.1K,2.9K,4.3K
mmmjoemele,Joe Mele,22.1M,9.1M,1.5M,3.6K,3.4K
mndiaye_97,mndiaye_97,14.8M,2.8M,495.3K,3.1K,2.2K
moanabih,A really basic TikTok page,808.2K,2.1M,647.5K,1.9K,2K
mohaimen.alaa,Ù…Ù‡ÙŠÙ…Ù† Ø¹Ù„Ø§Ø¡,3.5M,1.5M,205.3K,1.9K,1.4K
mohanadrafal,Ù…Ù‡Ù†Ø¯ Ø±ÙÙ„familyğŸˆ,994.8K,12.4M,265.2K,3.4K,8.4K
moneybagyo85,YouTube king von 1,55.1K,4.4M,216.1K,680,244
montpantoja,Montpantoja,34M,5.7M,931.1K,3.7K,2.4K
morimura,MoriMurağŸ•,7.2M,3M,564.6K,2.2K,2.1K
moritabritos,moriiiğŸ–¤,1.2M,2.7M,719.4K,4.1K,6.2K
mowgli.j,Mowgli,3M,1.6M,282.6K,4.3K,1.6K
mr.benz,Mr. Benz,4.5M,2.2M,254.2K,2.1K,2.6K
mrbeast,MrBeast,37.5M,4.3M,570.5K,5.8K,1.4K
mrizkybillar,Rizky Billar,5.3M,3.7M,334.7K,4.6K,2.8K
mrstiventc1977,MrStivenTc,6.2M,2.4M,288.6K,1.9K,979
mscathygonzaga,Alex Gonzaga,7.2M,2.7M,328.7K,616,403
mttiwx,Matt-,321.1K,1.6M,310.1K,3.6K,2.2K
munchy_monk,Louie,897.7K,1.3M,283.6K,3.9K,1.6K
muslimoffcial0,ğŸ”¥Muslim - Ù…Ø³Ù„Ù…,3M,2.3M,256.7K,2.2K,1.1K
mythical_bubbles,Mythical Bubble,133.5K,1.1M,221.3K,2.8K,2.9K
n0dd,Ø§ÙŠÙ†Ø¹Ù… Ø³Ù„Ø·Ø§Ù†  | SuLTAN,3.8M,1.6M,241.3K,3.5K,713
nada_m7amed,Ø¯ÙˆØ¯Ø§ğŸ¦¹ğŸ»ğŸ¤,6.2M,3.5M,272.2K,2.8K,2.1K
namyulenka,Namy,6.5M,3M,467.5K,3K,1.6K
naomineo,Naomi,1.5M,2.9M,614.6K,1.3K,1.7K
naomineo,Naomi,1.5M,2.9M,614.6K,1.3K,1.7K
nasyakailanazifa,Nasya Kaila Nazifah,2.8M,4.2M,173.2K,1.7K,1.1K
nathcampost,NATH CAMPOS,1.7M,5.6M,871.8K,1.5K,991
nazormaya,Maya Nazor,5M,5.7M,538.1K,1.6K,393
ndn2307,NgÃ´ ÄÃ¬nh NamğŸ’¦,5.5M,2.6M,242.3K,1.4K,172
nelkboys,NELKBOYS,4.1M,3.4M,314.1K,1.8K,7.3K
nessaabarrett,Ness,18.5M,9M,791.2K,3.8K,3K
ngikuttrendaja,Ahmad Rizki,192.8K,3.7M,304.5K,1.5K,1.2K
ngoc.matcha,Ngá»c Matcha â˜˜ï¸,3.9M,1.5M,255.4K,2.4K,723
niallmacmillan,Niall MacMillan,3.1M,2M,149.7K,886,1.8K
nianaguerrero,Niana Guerrero,32.1M,6.5M,1.1M,4.1K,2.6K
nick.digiovanni,nick.digiovanni,8.9M,2.1M,300K,750,591
nickschmiiid,Nick Schmid,769.7K,1.1M,250.2K,1.3K,2.4K
nickvannsmith,Nick Smith,9.4K,1.2M,269.8K,2.5K,9.9K
nicocaponecomedy,nicocapone.comedy,21.7M,13.3M,720.7K,5.6K,33.2K
nicolecherry,nicolecherry,1.1M,1.7M,178.7K,1.4K,5.6K
nicoletv,Kayla Nicole,10.6M,4.6M,872.4K,1.7K,2.6K
nicollefigueroaa,Nicolle Figueroa,11M,6.9M,889.8K,2.9K,1.4K
nilered,NileRed,9.7M,2.8M,456.7K,2.1K,825
njr11njr,njr11njr,1.2M,1.8M,228.8K,3.8K,2.1K
nmixx_official,NMIXX,1.9M,1.5M,378.3K,3.9K,1.5K
noahschnapp,Noah Schnapp,23.7M,23.6M,4.9M,44.2K,16K
nobodysausage,nobody sausage,15.6M,1.9M,117.6K,934,3.9K
noeldeyzel_bodybuilder,Noel Deyzel,4.7M,2.3M,287.9K,1.6K,1.3K
nolaymex,Nolay,54.9K,4.4M,342.8K,3.5K,8.4K
norinpham_m4,NorinPham,2.2M,2.7M,279.5K,3.9K,366
nosoychaparro,Luis Chaparro,5.4M,7.3M,1.4M,3.9K,5.2K
nost___,Nost,451K,3.4M,195K,726,902
notshanebennett,Shane Bennett,2.1M,2.7M,394.5K,1K,1.2K
nubiegriffi,NubieGriffi,130.8K,4.3M,378.5K,2K,13.3K
nurbolat_football7,nurbolat_football,23.5K,2.2M,132.8K,2K,4.3K
nurse.johnn,Jc Dela Cruz,1.9M,2.5M,272.5K,1.1K,4.1K
nvran_,ğŸ˜º,538.5K,3.4M,341.4K,1.5K,30.3K
nyx.lynnx,Nyx,202.6K,1.6M,155.5K,1.8K,1.4K
obj,Odell Beckham Jr.,1.5M,3.6M,447.2K,1.6K,2.9K
odintsoov,ĞĞ½Ğ´Ñ€ĞµĞ¹ ĞĞ´Ğ¸Ğ½Ñ†Ğ¾Ğ²,324.3K,1.5M,370.8K,2.5K,4K
official_kep1er,Kep1er,4.3M,4M,805K,6.1K,3.5K
official_nct,NCT Official,8.3M,1.1M,296.5K,2.8K,1.3K
official_wayv,WayV Official,3.8M,702.7K,251.7K,6.2K,1.7K
officialjadenwilliams,Jaden Williams,1.5M,1.7M,405K,2K,2.1K
officialsalicerose,Salice Rose,19M,951.4K,188K,1.6K,2.9K
ogikdp,Zona Ogik | YT MELLO PROJECT,3M,4.2M,354.3K,3.6K,966
ogulcan,OÄŸulcan AÅŸÄ±koÄŸlu,287.1K,3.3M,227.9K,1.9K,3.3K
oironyoliveira,Kbuloso ğŸ˜ˆ,6.2M,1.3M,89.7K,329,7.3K
okjackok,jack,1.1M,1.4M,322.3K,875,1.1K
oldtimehawkey,Old Time Hawkey,5.8M,4.6M,814K,7K,5.2K
oli_natu,Oli Natu,9.1M,2.8M,437.9K,777,1.1K
olisboa,LISBOA,2.3M,2.8M,522.2K,1.2K,1.8K
oliver6060,Queen cheryl ğŸ‘¸,2.8M,1.6M,67.1K,6.7K,1.9K
oma_abi_reaktions,Oma Abi ğŸ‘µğŸ»,16.3K,1.4M,104.7K,2K,4.9K
ongsquad,Ong Squad,8M,2.7M,304.8K,1.2K,807
onlyjayus,Bella Avila,18M,1.7M,291.3K,1.8K,758
onwardwanna,WannağŸ¥Š,5.7M,8.7M,1.7M,15.3K,4.4K
oscar_mezar,Oscar Meza,5.7M,2.6M,449.4K,1.7K,1.6K
otakoyakisoba,otakoyakisoba,14.8M,2.1M,240.1K,966,1.4K
outofcontextcontent,"1 , 2 0 0 , 0 0 0 LEGENDS",1.2M,8.6M,776.9K,2.3K,9.3K
outtpig,OuttPig,1.9M,1.7M,543.8K,2.6K,2.2K
ox_zung,ì›ì •ë§¨ WonJeong,45M,1.9M,258.3K,2.3K,564
paansih16,gustian_magrib,1.1M,3.6M,291.1K,1.4K,31.5K
pablitocastilloo,pablitocastilloo,5.2M,1.3M,138.2K,857,5.1K
pacodemiguel,Paco De Miguel,6.7M,771.2K,109.9K,2K,7.3K
pakoyaso_,Pakoyaso,10.6M,2.8M,378.2K,1.5K,3K
paloma.cedeno,Paloma CedeÃ±o,578.6K,1.8M,289.6K,5K,18.8K
pam_a_cake,Pam,4.3M,2.3M,390.4K,1.1K,146
pamibabyy,pami â™¡,7.2M,1.7M,288.9K,679,1.3K
papurriyluisito,PapurriYluisito,814K,1.3M,209.4K,684,2.3K
paralympics,paralympics,2.1M,2.2M,228.4K,4.3K,2.8K
parishilton,ParisHilton,6.3M,2.1M,201.6K,1.7K,1.1K
parkerlocke,Parker Locke,6.4M,3M,634.3K,8K,8.5K
patrickrenna,Patrick Renna,2.9M,3.2M,248.5K,1.8K,3.5K
paulablanca143,Paula Blanca,58K,2.7M,145.3K,8.1K,23K
paulo_victormelo2,Paulo Victor Melo,1.7M,2.9M,186.7K,706,1.5K
paulomuzy,paulomuzy,1.3M,1.5M,182.4K,909,13.6K
paupelaez_,Êœá´€É´á´‡á´ÉªÊá´€,6M,2.9M,496.7K,3.6K,1K
payton,â€œpaytonâ€,15.2M,1.2M,241.9K,2.3K,1.3K
paytonking,Payton King,5.2M,4.9M,1.1M,8.7K,10.1K
peaks.100_,Peaks100,1M,1.6M,172.3K,1.9K,1.4K
pedro.loc,Pedro Loc,203.6K,2.8M,384.8K,3K,2.7K
peetmontzingo,Peet Montzingo,10.4M,2.4M,266.6K,1.3K,500
pegamangaa,Pegamangaa,1.9M,2M,242.4K,704,1.4K
pepperonimuffin,Kirsten,7.3M,3.8M,688.1K,1.4K,524
pete_pamana,petepamana,2.7M,2.9M,307.2K,1.6K,801
phamvinh99,Pháº¡m Vinh,2.7M,2.8M,224.8K,1.4K,913
phatnail,LÃª Äáº¡i PhÃ¡t ğŸ¥‘,1.3M,2.9M,190.9K,2.4K,238
phun.anh,PhÃ¹n Anh,3.6M,3M,271.6K,2K,735
pietro_storti,pietro.storti,400.7K,1M,141.6K,1.6K,5.8K
piperrockelle,â™¥ï¸Piper Rockelleâ™ ï¸,9.5M,1.7M,173.2K,4.3K,389
pkllipe,Pk,17.7M,2.1M,378.7K,1.7K,2.1K
pollywogcabin,Jake Valois,149.6K,1.4M,134.6K,664,11.8K
polya_tuti,ĞŸĞ¾Ğ»Ñ Ñ‚ÑƒÑ‚ğŸ”¥ğŸ‘‡,2.3M,3.1M,250.6K,711,730
pongamoslo_a_prueba,PongÃ¡moslo a Prueba,34.2M,11.2M,1.7M,4.1K,3.5K
popokbolong,PARHANCUK!,2.6M,1.5M,276.9K,1.6K,806
posterised,Posterised,4.1M,10.1M,1.3M,3.6K,3.9K
pr4nce,gabriel prince,2.6M,1.6M,267.1K,3.5K,2.5K
priimoraa,Prii Moraa,15M,3M,525.9K,840,880
priv_mav,MAV ğŸ¦¦,5.3M,2.7M,334K,524,686
psg,psg,27.9M,2.6M,271.5K,1.5K,497
pureojuice,NO OPPS OUT ON ALL PLATFORMS,168.3K,1.1M,186.1K,3.3K,3.7K
qamar_altaey,ğ“†©ğ‘„ğ´ğ‘€ğ´ğ‘…Â¹â¶ğ“†ª,3.2M,5.8M,517.2K,12.2K,11.6K
qpark,Q Park,32M,12.4M,1.1M,6.4K,19.1K
queen_paul,â­ï¸ğŸ’„Queen PaulğŸ’„â­ï¸,3.1M,3.2M,78.9K,3.1K,950
qvos,RupthyğŸ¡ (Roblox),1.9M,1.5M,157.1K,4.2K,2.2K
rad.miru,ğŸŒœĞ ĞĞ”ĞœĞ˜Ğ ğŸŒ›,12M,3.7M,298.2K,1.1K,294
rafaellatuma,Rafaella Tuma,1.2M,1.5M,146K,1.4K,12.6K
rafaelsantos,Rafael Santos,17.9M,2.4M,548K,2.7K,1.1K
rafifrasyaq,rafif,74.7K,1.6M,221.8K,1.8K,4.1K
rah_money1,General ock,3.1M,1.7M,231.5K,1.5K,1.4K
rakib_hossain_vlogs,Rakib Hossain,1.2M,1.3M,139.6K,4.1K,1.1K
ramonvitor,ramonvitor,4.4M,3.9M,821.6K,2.9K,1.3K
ratuauliaa22,ratuauliatp,12.6M,2.5M,304.1K,1.9K,1K
rawwwash,Mostafa Abo Rawash,1.2M,7.1M,370.6K,2.1K,3.7K
rayanfahmi,Rayoon,3.3M,2.4M,221.2K,1.2K,921
rayssabuq,Rayssa Buq,6.1M,1.5M,252.2K,2K,761
readyfredi,fredi,2.3M,7.5M,1.4M,19K,32.1K
real_animasinopal,Animasinopal,1.5M,2.5M,309.6K,1K,3.1K
realmadrid,Real Madrid C.F.,17.7M,2.8M,403.2K,2.6K,2.3K
renpc_,âœ¨Ren PCâœ¨,4.1M,1.9M,349.7K,1.8K,6.4K
reyyhaan31,Reyyhaan!,4.4M,2.8M,213.5K,1K,409
riaricis,Ria Ricis,27.4M,2.9M,276.7K,1.1K,1.2K
richcaroline,Caroline Ricke,3.1M,1.6M,308.2K,669,1.4K
rickylemon99,Ricky Limon,11.6M,3.5M,394.8K,549,366
rita_pubg,Ø±ÙŠØªØ§ Ø§Ù„Ø¹Ø±Ø§Ù‚ÙŠØ©,1.6M,1.4M,135.7K,7.5K,1.5K
robert_kelley,Robert Rausch,780.5K,1.4M,280K,1.4K,2K
roblox,Roblox,8.8M,1.5M,239.6K,5.9K,1.5K
rosalia,La Rosalia,20.8M,3.3M,445.1K,2.1K,992
rubentuestaok,Ruben Tuesta,15.6M,4.9M,568.1K,1.4K,4K
rucenuenda1,Ruce Nuenda,1.6M,2.1M,332.5K,1.4K,740
rug,FaZe Rug,9.1M,1.7M,230.5K,1.9K,314
rus.alien,Rustam Raziev,7M,5M,279.5K,1.2K,233
ryanbakery,ğ™ğ™®ğ™–ğ™£ğ˜½ğ™–ğ™ ğ™šğ™§ğ™®,1.5M,3.5M,364.5K,4.2K,4.2K
rzy135,RZ......,278.3K,1.1M,153.9K,1.1K,3.8K
rzy135,RZ......,278.3K,1.1M,153.9K,1.1K,3.8K
sa_ro01,sarağŸ’œ,5.8M,4.9M,385.9K,8.2K,2.3K
saafiir_,Saafiir,3.6M,3.5M,143.6K,738,789
sabrenorris,Sabre Norris,3.1M,1.7M,168.4K,9.6K,607
sabrinacarpenter,Sabrina Carpenter,12.3M,2.8M,502.6K,1.5K,1.1K
sabrinamaria,Sabrina Maria,66K,3.4M,435.9K,1.7K,752
sachiuki,sachi Ë˜Íˆáµ•Ë˜Íˆ,617.4K,866.8K,269.2K,3.9K,2.8K
samanth_a01,Sam,490.5K,1.9M,247.9K,1.7K,1.1K
samkelly322,Samantha Kelly,2.5M,2.4M,423.5K,1.2K,2.1K
sammihanratty,Sammi Hanratty,1.2M,3.7M,775.5K,1.6K,1.5K
sammy_dao222,Sammy ÄÃ o,2.6M,2.2M,218.7K,4K,1.3K
samseats,Sam Way,9M,9.6M,1.1M,2.3K,2.1K
sarahcothran,Sarah Cothran,3.2M,1.5M,276.8K,1.2K,1K
scarlettsspam2,scarlett,2.1M,17.9M,845.8K,53.9K,6.3K
scottsreality,Scott ğŸ”¥,37.4M,4.9M,139.6K,1K,196
scottsreality,Scott ğŸ”¥,37.4M,4.9M,139.6K,1K,196
scottsreality,Scott ğŸ”¥,37.4M,4.9M,139.6K,1K,196
secondhandhuns,Verona Farrell,99K,1.8M,252.5K,1.9K,1.2K
sefo,Sefo,759.8K,3.3M,283.4K,1K,810
selenagomez,Selena Gomez,41.6M,11.3M,1.9M,12K,6.1K
selenaoutdid,â™¡,347.2K,2M,280.7K,1.5K,1.8K
semiraminta,Yeliz Korkmaz,11.9M,2.2M,167.4K,5K,605
sergioramos,Sergio Ramos,10.2M,1.6M,192.7K,4.8K,342
seventeen17_official,SEVENTEEN,5M,3.4M,748.6K,10.3K,9.4K
shadisrour,Shadi Srour,1.9M,3.1M,290.3K,4.1K,2.7K
shahab_vid1,Ø­Ø³Ø§Ø¨ Ø§Ù„Ø±Ø³Ù…ÙŠ Ø´Ù‡Ø§Ø¨ Ù…Ù„Ø­,3M,3.7M,62.4K,2.6K,1.9K
shakira,Shakira,23.9M,6.3M,407.3K,1.6K,508
shanjid_hasan,ğŸ”¥Shanjid HasanğŸ”¥,4.6M,2.2M,233.7K,1.1K,879
shanti_rehman,shanti rehmanğŸ‡§ğŸ‡©,290.3K,3.7M,245.1K,2K,2.2K
sharl_crb,sharl,1.8M,2.1M,365.7K,1.3K,516
shayvise,Shayvise,2.9M,2.1M,376K,861,282
shenacinnamon,Shenina Cinnamon,530.6K,2.5M,237.7K,798,559
sherifkhalid,sherif khalid ğŸ™,9.8M,1.3M,154.6K,2K,2.3K
shlatfish,Shlatfish,3.8M,1.8M,250.1K,3.9K,2.6K
shxtsngigs,ShxtsNGigs Podcast,4M,6M,1.2M,2.4K,13.1K
sibenitoo,SiBenitoo,5.1M,1.7M,147.8K,2K,1.2K
sidetalknyc,Sidetalk,3.7M,1.6M,222.1K,897,3.8K
simp4me.de,Soffi,17.3K,1.4M,202.5K,2.2K,6.4K
siscakohl,Sisca Kohl,12M,11.2M,1.4M,15K,5.2K
sjbleau,SJ,12.9M,2.5M,372.2K,979,576
skaijackson,Skai Jackson ğŸ¥°,19.9M,2M,393.3K,1.5K,601
skillerhomei,Football âš½ï¸ SkillerHome,1.9M,1.9M,329.7K,3.8K,4.8K
slimjim,Slim Jim,2.7M,1.8M,137K,22.7K,190
snauzk,snauzk,4.3M,897K,225.6K,1.9K,3.6K
snoopdogg,Snoop Dogg,21.4M,4.3M,362.3K,4.7K,1.8K
sofiaespanha,sofia espanha,3.7M,2.6M,437.2K,2.8K,688
softbulletgun97,Tik Toker,1.3M,2.3M,188.3K,2.2K,4.1K
somosnoveleiros,ğ—·ğ˜‚ğ—¹ğ—¶ğ—¼,1.1M,1.5M,287.8K,1.7K,537
soojinicoreana,Chingu Amiga,18.6M,9M,1.4M,4.3K,1.1K
soupytime,georgie,5.1M,1.3M,282.5K,2.1K,794
soydekko,Soydekko,6.9M,2.1M,307.8K,2K,304
soyminisech,ğŸ»ğŸ»SECHITOğŸ»ğŸ»,731.6K,5.7M,360.7K,1.5K,5.7K
soysaucer,fivar,563K,5.9M,851.1K,2.7K,14.4K
soysuco,soysuco,11.4M,4.8M,628.1K,14.5K,1.7K
soysuco_ff,Suco Ismael,3.7M,3.4M,430.5K,6.6K,981
spencer_serafica,Xspencer,12.9M,3.2M,562.2K,3.1K,2.6K
spents,Spence,1.7M,1.2M,255.3K,1.2K,1.5K
spicyycam_,Spice King,19.1M,1.8M,214.8K,1.9K,139
stayc_official,STAYC,1.4M,706.2K,229.9K,5.4K,1.4K
stellajero16,Vester Ajero,1.3M,861.9K,185.3K,9.3K,970
stephenamell,Stephen Amell,1.6M,1.2M,206.5K,2.1K,2.7K
stevang08,stevang08,251.1K,2.2M,293K,2.1K,23.3K
steveioe,Steveioe,10.9M,1.4M,254K,888,1.5K
story_7647,ğ•¾ğ–™ğ–”ğ–—ğ–,571.1K,1.6M,316.5K,358,6.1K
straange_56guuuuy,aikihoruus?,5.9K,1.5M,276.6K,2.2K,10.8K
strangehumano,strangehuman,9.2M,4.6M,656.7K,2.2K,1.6K
straykids_japan,straykids_japan,7.6M,849.6K,255.3K,6.7K,4.7K
subwaysurfersofficial,Subway Surfers,4.3M,4.2M,677.1K,8.4K,963
sucss.s,AÃ§ucena Guirra,10.7M,2.7M,608.5K,2.8K,649
supadupahumble,@supadupahumble,2.2M,2.7M,540.3K,1.7K,6.9K
surfinsafari,Surfin Safari,105.7K,2M,221.1K,1.4K,1.7K
susymourizz,ğŸ©Susy MourizğŸ©,7.2M,2M,229.3K,2.7K,1.3K
swaggyj.enny,tg,546.3K,1.5M,316.2K,1.6K,1.2K
tai.tl2,tai_tl,396.9K,1.2M,212.4K,1.7K,3.3K
talalionaire,Ø·Ù„Ø§Ù„ÙŠÙˆÙ†ÙŠØ±,593K,5.6M,404.1K,10.9K,8.1K
talfishman,Tal Fishman,2.2M,1.6M,206.5K,1.5K,837
tangmokoko,à¹à¸•à¸‡à¹‚à¸¡ à¹‚à¸à¹‚à¸à¹‰à¸›à¸±à¹ˆà¸™,901.5K,3M,191.4K,1.6K,467
tannertan36,tan,689.8K,926.2K,249.3K,1.9K,3.6K
taylorfrankiepaul,Taylor Paul,3.6M,3.5M,155.7K,1.2K,443
teddyteclebrhan,TeddyTeclebrhan,863.2K,1.2M,140.5K,585,4K
terryreloaded,Terry Reloaded,5.9M,4.7M,946.9K,7.1K,13.2K
tessteur,Tess Teur,83.4K,940.8K,81.9K,704,10.8K
teukuryantr,teukuryantr,3.7M,2.2M,215.9K,1.4K,1.6K
texasboi78,Casey,21.4K,1.4M,89K,900,19K
thallyssonsb,Thallysson Borges,9.6M,2.6M,388.8K,4.2K,6K
thanhyvo,ğŸŒ¹â¤ï¸ThÃ nh Ã½ vÃµ â¤ï¸ğŸŒ¹,11.5M,3.9M,245.1K,1.1K,202
thatlittlepuff,ThatLittlePuff,28.6M,4.6M,476.5K,916,1.2K
thaybeou40,Tháº§y Beo U40,4.1M,4.1M,363.6K,2K,290
the.historical,History Footage,201.5K,2.9M,346.2K,4.8K,5.1K
theandrewschulz,Andrew Schulz,3.5M,2.6M,474.1K,2.7K,11.8K
thebenjishow,benji,5.7M,1.8M,274.1K,1.1K,1.5K
thebosswives,The Boss Wives,1.1M,2.2M,206.2K,808,4.2K
thecoreyb,Corey B,8.7M,905.9K,141.4K,808,5.6K
theevaelfie,Eva Elfie,4.1M,1.6M,194.1K,3.5K,1.2K
thegervaisshrine,Ricky Gervaisâ€™ Best Bits,135.3K,2.3M,232.9K,1.2K,3.7K
thehealchef,Harry Heal,2M,2.5M,374.5K,3K,2.7K
thekapelariz,The Kapelari Family,1.4M,1.8M,255.9K,1.5K,741
thekauczuk,Kauczuk,644.9K,2.4M,205.1K,2K,358
thekidlaroi,The Kid LAROI.,3.1M,3.5M,448.5K,3.6K,3.1K
thelondoncharles,London Charles,5.9M,2.7M,637.4K,2.4K,2.2K
themysteriouschef,TheMysteriousChef,4.7M,1.9M,187.8K,1.1K,1.2K
theovon,Theo Von,2.1M,1.4M,127.3K,1.3K,12.3K
therealhammytv,TheRealHammyTV,14.8M,6.4M,322.5K,2.1K,17.3K
therealmaneskin,MÃ¥neskin,5.7M,2.9M,339.8K,1.6K,974
therock,The Rock,53.1M,2.7M,422.7K,5.9K,2.9K
thestradman,TheStradman,3.2M,4M,587.8K,7.4K,2.4K
thesupercole,Cole LaBrant,21.9M,8M,848.8K,3.3K,2.1K
thethai.14,THAIFT,445.2K,2.9M,182.4K,1.1K,841
thethinktok,The Think Tok,666.1K,1.7M,152.1K,1.9K,7.1K
thiagobarrosoficial,Thiago Barros,3.6M,2M,223.7K,901,950
thiagobarrosoficial,Thiago Barros,3.6M,2M,223.7K,901,950
thinfrog,frog army tiktokğŸ˜ˆğŸ¸ğŸ’ª,1.5M,2.3M,204.3K,1.4K,863
thinhung99,Thá»‹ Nhung,6.2M,2.6M,295.7K,4.6K,965
thiskasai,Thiskasai,884K,1.5M,272.5K,1.7K,6.7K
tiahranelson,Tâœ¨,4.4M,890K,260.8K,4.1K,2.9K
tifannylm,âš¡ï¸TEF,8.3M,4M,451.2K,1.3K,517
tik_tok_bhadie,grantbeans,1.6M,4.6M,1.2M,4.1K,6.6K
tiktokchavs_,THETIKTOKCHAVS,1.4M,1.2M,203.5K,1.3K,2.4K
tmaai_,20th6.,91.8K,1.3M,170.9K,638,4.4K
tombrady,Tom Brady,4.2M,5.5M,551.6K,4.5K,6.9K
tomjamesr,Tom Riggott,77.1K,2.2M,298.7K,1.1K,956
tommyinnit,Tommy,11.5M,1.3M,366.3K,5.4K,1.1K
tonylopez,Tony Lopez,23.1M,2.1M,252K,1.3K,460
tooturnttony,Tooturnttony,17M,4.1M,494.3K,4.4K,1.3K
trainee_a,Trainee A,3.1M,1M,280.2K,3K,2.5K
trashywashyy,Rach,3.6M,3.8M,288.9K,1.1K,355
trevorwallace,trevor wallace,8M,2.8M,269.4K,673,7.6K
tsezy,Tommy,4.8M,2M,253.5K,1.9K,735
tsonghanwu,Tsong Han Wu Velasquez,6.4M,2.2M,358K,652,932
tuananh_villa699,ğŸ”¥Tuáº¥n AnhğŸ”¥,1.9M,1.7M,251.2K,3.8K,1.1K
tuankiet.2000,Kiá»‡t HÃ  Tá»‹nh,3.4M,2.2M,258.4K,1.3K,386
tulio_sasaya,tulio sasaya,468.5K,1.6M,366.9K,2.1K,1.5K
tunico80,ğŸŒ Antonio TononğŸŒ ,6.7M,1.8M,297.8K,1.8K,1.8K
turquoise.dec,turks<3,469.4K,1.4M,302.8K,1.2K,1.3K
tuvok12,Tuvok12,12.7M,9.3M,1.3M,1.1K,1K
twice_tiktok_official,TWICE,15.9M,4.9M,1.3M,21.8K,12.8K
txt.bighitent,TOMORROW X TOGETHER,17.3M,4.2M,1.3M,21.4K,7.8K
ty.funnyfunny,Ty.funnyfunny,237.7K,1.2M,240.9K,5K,14.9K
unboxing.id,unboxing.id,100K,2.1M,203.9K,1.3K,643
unlabeled_,Paula ğŸ„,1.2M,3.3M,610.5K,1.7K,648
unlap1n,ELL/BILL,124.2K,803.5K,263.2K,2K,2.5K
unreal_keanu,Unreal Keanu Reeves,3.7M,1.8M,187.9K,6.4K,2K
usso96,Usso96,7M,4M,303.1K,889,1.8K
ustazebitlew,Ebit Lew,3.3M,2.4M,195.2K,3.6K,2.4K
valuza.z,Valentina Zenere,1.9M,2.1M,365.7K,1.3K,748
vancityreynolds,Ryan Reynolds,20.1M,3.8M,973.5K,3.4K,2.5K
vanessalopesr,Vanessa Lopes,23.3M,3.9M,387.9K,3.2K,1.8K
vanrezaputra,Elaina,320.1K,1.9M,163.3K,2.3K,1.8K
vasif.yahyayev95,RASHEL KOLANECÄ°,1.6M,2.3M,117.9K,1K,1.9K
veganpastrychef,Gracie,2M,2.5M,380.5K,2.1K,4.1K
veliaveve_,Velia,2.5M,2.1M,361.3K,1.4K,337
venao2323,YANFRY EL TIERNOğŸ™ˆ,4.5M,1.8M,175.7K,1.2K,1.9K
vhackerr,Vinnie,14.4M,3.7M,737.6K,9.6K,5.3K
vibin.wit.tay,Tay,3.7M,2.8M,652K,2.9K,12.4K
victormelo,Victor Melo,20.9M,5.1M,745.1K,4.1K,5.2K
videomusic.oficial,Videomusic,2M,1.5M,140K,284,5.5K
vidhia_r,Vidhi_R,6.7M,3.2M,382.9K,4.7K,3.9K
vienvibi_899,ViÃªn Vibi,6.7M,3.2M,330.6K,1.3K,285
vietphuongthoa98,Viá»‡t PhÆ°Æ¡ng Thoa,11M,3.7M,426.6K,1.8K,387
viki_tory88,Ğ’Ğ¸ĞºĞ° & Ğ–ĞµĞ½Ñ,310.6K,1.9M,48.8K,208,12.9K
viliacarl,Vilia Carl,3.2M,3.1M,281.5K,785,1.2K
vilmeijuga,VILMEIâœ¨,13.3M,3.2M,321.6K,3.6K,1.9K
vinhtech.review,VINHTECH REVIEW,753K,4.2M,225.6K,3K,1.1K
viralatacaramelo,vira-lata caramelo,1.5M,2.1M,526.3K,4.9K,1.7K
virginiafonseca,Virginia,32.5M,4.3M,495.1K,2.3K,946
vitoou,vitoâ€¢_â€¢,52.4K,1M,179.3K,3.3K,10.9K
vzelivx,vzelivx,731.3K,2.1M,271.2K,2.6K,1.3K
wawazainal92,WAWA ZAINAL,116.7K,1.7M,216.1K,3.9K,2.6K
wessamq,wessamq,5.2M,8.3M,860.9K,4.7K,6.2K
wigofellas,wigofellas,33.3M,3.2M,163.5K,606,1.3K
williamlast_krm,William Last KRM,4.6M,2M,210.6K,2.9K,2.4K
williesalim,WILLIE SALIM,13.3M,4.3M,260.8K,6K,1.8K
wisdm8,Wisdom Kaye,8.2M,1.4M,277.5K,2.6K,1.6K
wuesilva,Wue Silva,12.5M,1.9M,236.4K,1.6K,1.6K
xtnam1,Lee,2M,1.3M,352.8K,1.5K,1.2K
xxlechuga,Daniel Lechuga,4.1M,1.2M,293.1K,1.3K,2K
xxxten1369,XXXTENTACION,3.7M,2.8M,335.1K,1K,1.8K
yahia_x,ÙŠØ­ÙŠÙ‰ Ø§Ù„Ø²Ø¹Ø¨ÙŠ,2.2M,4M,189.9K,1K,3.1K
yasincengiz38,YasinCengiz,1.5M,5.3M,141.5K,433,4.5K
yescyrille,Yescyrille,3M,3M,196.5K,967,2.2K
yesimresmi1,~YEÅÄ°M,16.6M,3.3M,223.4K,1.5K,850
yg_treasure_tiktok,yg_treasure_official,4.2M,2.3M,645.4K,10.2K,6.2K
ygnazz,NAS,1.5M,1.2M,214.8K,1.6K,2.6K
yizaroff,YIZARO,4.9M,1.8M,252.2K,2.9K,551
yk_osiris,YK Osiris,1.9M,3M,373.6K,4K,6.3K
yogaarizona,Yoga Arizona,1M,3.7M,352.7K,1.8K,1.9K
yucholoco,Sintya Marisca,2.2M,2M,226.2K,6.8K,3.9K
yunggravy,Yung Gravy ğŸ¯,3.8M,2.8M,431.9K,2.7K,3K
yurielkysojeda,Yurielkys Ojeda,13.7M,2M,293.7K,1.3K,515
yzn47,ÙŠØ²Ù† Ø§Ù„Ø£Ø³Ù…Ø±,6.1M,13.1M,555.5K,3.6K,20.1K
zachking,Zach King,68.8M,3.5M,394.4K,1.4K,650
zakuryyy,ZAK,423.5K,2.6M,359.3K,1.9K,5K
zappingtv.it,ZappingTv.it,146.2K,2.3M,150K,426,2K
zara,ZARA,2.6M,6.2M,235.5K,786,399
zeinabharake,Zeinab Harake,13.5M,2.6M,399.2K,1.5K,637
zeth,Zeth,12.5M,6.7M,1.3M,3K,7.7K
zodiac.boyfriend,Zodiac BoyfriendğŸªğŸ”®,1.8M,1.9M,272.7K,6.8K,3.6K
zowloficial,Lord Zowl,1.1M,1.4M,178.1K,1.4K,2.1K
zrt.foot,ZR7,100.8K,2.3M,218K,1.7K,6.4K
zubarefff,Ğ—ÑƒĞ±Ğ°Ñ€ĞµĞ² ĞĞ»ĞµĞºÑĞ°Ğ½Ğ´Ñ€,4M,1.9M,249K,1.3K,1.6K