row-cell,Tiktoker name,Tiktok name,"
Followers",Views (Avg.),Likes (Avg.),Comments (Avg.),Shares (Avg.)
,,,,,,,
1,yossikramer,Yossi,145.6K,26.8M,2.2M,30.1K,71.2K
2,mrbeast,MrBeast,55.6M,38.1M,3.8M,19K,7.8K
3,adinross,adin,5.4M,16.6M,2M,10.9K,12.5K
4,daniel.labelle,Daniel LaBelle,27.9M,11.8M,1.7M,6.9K,29.3K
5,hotspanishmx,HotSpanish,8.2M,19.2M,1.7M,7.4K,9.5K
6,nicocaponecomedy,nicocapone.comedy,24.3M,16.9M,952.9K,5.6K,27.3K
7,juandamc,JuanDa.,19.1M,9.2M,2.2M,11.1K,9.3K
8,amauryguichon,Amaury Guichon,17.6M,12.4M,2M,5.8K,11.3K
9,thezachchoi,Zach Choi,8M,14.2M,1.5M,5.4K,13.3K
10,bdylanhollis,B. Dylan Hollis,9.2M,6.4M,1.3M,6.3K,39.5K
11,janneksplace,Janneksplace,1.9M,11.6M,1.5M,8.8K,11.4K
12,twice_tiktok_official,TWICE,18.4M,8M,1.6M,15.9K,10.6K
13,kyliejenner,Kylie Jenner,49.1M,14.5M,2.5M,5.5K,3.4K
14,niallhoran,Niall Horan,4.6M,4.1M,1.2M,31.6K,23.7K
15,txt.bighitent,TOMORROW X TOGETHER,18.5M,4.3M,1.5M,29K,11.2K
16,khaby.lame,Khabane lame,152M,15M,1.8M,6.5K,3.2K
17,vibin.wit.tay,Tay,5.1M,4.2M,897.3K,7.7K,39.6K
18,steve.lacy,steve lacy,1.3M,8.2M,1.4M,12K,2.9K
19,taylorswift,Taylor Swift,15.3M,6M,843.1K,21.3K,10.6K
20,iamferv,Fernanda,32.9M,8.6M,1.3M,7.7K,4.5K
21,poudi,Poudii,145.9K,8.1M,1.2M,4K,9.9K
22,mikaylahau,Mikaylah,5.4M,7.6M,559.2K,18.4K,12.5K
23,onwardwanna,WannağŸ¥Š,8.3M,6.7M,1.3M,9.9K,3.1K
24,adamsheey,Adam Shi,6.7M,7.3M,1.2M,3.4K,9K
25,lokiandthetesseract,-ÊŸá´‡É´á´€-,427K,4.6M,1M,5.8K,15.4K
26,domelipa,domelipa,60.5M,9.1M,1.2M,6K,2.7K
27,stickyboy69,stickyboy69,9.1M,7.1M,1.2M,7.4K,3.3K
28,jdiasss_,JoÃ£o Dias,8.1M,6.8M,1.4M,5K,3.4K
29,dylanmulvaney,Dylan Mulvaney,8.9M,5.3M,874.2K,14.6K,2.4K
30,jonatan.clay,Jonatan Clay,2.9M,6.7M,1.1M,6.2K,3.6K
31,pietro_morello,Pietro Morello,3.1M,17.2M,961.3K,2.6K,1.7K
32,britneyspears,Britney Spears,7.3M,5.9M,317.4K,15.3K,22.2K
33,charlidamelio,charli dâ€™amelio,148.4M,8.6M,641.9K,9.7K,2.5K
34,calebdigital,CALEB DIGITAL,613.9K,4.3M,991.3K,6.8K,8.9K
35,therock,The Rock,63.2M,6.4M,689.8K,10.8K,4.1K
36,frankielapenna,Frankie LaPenna,5.4M,9M,694.4K,2.1K,6.9K
37,kimberly.loaiza,Kimberly Loaiza,69.3M,7.7M,868K,6.2K,1.9K
38,selenagomez,Selena Gomez,44.2M,6.3M,1.1M,4.6K,2.9K
39,luvadepedreiro,Iran Ferreira (Lai),20.6M,8.5M,1M,3.7K,2.4K
40,maherzainfanforever,maherzainfanforever,2M,3.2M,409K,5.1K,31.3K
41,daviddobrik,DAVID DOBRIK,26.3M,7.4M,1.2M,3.2K,2K
42,morimura,MoriMurağŸ•,8.9M,6.1M,764.3K,3.3K,6.6K
43,rubentuestaok,Ruben Tuesta,24.5M,6.9M,815.1K,1.6K,6.6K
44,mclomaofficiall,mclomaofficial,5.4M,6.8M,1.2M,3.7K,1.7K
45,lilireinhart,Lili Reinhart,5M,4.8M,920.9K,2.9K,6.4K
46,dgdxofficial,D.M. Galloway | DGDX Animation,156.3K,5.8M,279.1K,1.7K,21.8K
47,lexibrookerivera,Lexi Rivera,24.4M,6.3M,993.4K,4.5K,1.6K
48,ramonvitor,ramonvitor,10.3M,5.6M,1.2M,3.8K,1.7K
49,matt_rife,Matt Rife,3.9M,4.7M,700.8K,3.2K,7.3K
50,syifahadjuuuuuuu,Syifa Hadju,4.1M,6.1M,808.9K,4.8K,1.6K
51,matt_rife,Matt Rife,3.9M,4.7M,700.8K,3.2K,7.3K
52,syifahadjuuuuuuu,Syifa Hadju,4.1M,6.1M,808.9K,4.8K,1.6K
53,cedricgrolet,Cedric Grolet,2.5M,6.9M,599.3K,2.2K,5.5K
54,nicollefigueroaa,Nicolle Figueroa,14.4M,7.9M,1.1M,2.5K,878
55,isramy,Ramy Chaaban,2.6M,4.5M,745.8K,3.3K,4.9K
56,lourdasprec,LOURD,10.6M,3.9M,672.9K,5.3K,5K
57,markoterzo,M A R K O,2.8M,8.7M,1M,2.3K,727
58,rauwalejandro,rauwalejandro,12.7M,6.1M,616.9K,2.5K,4.3K
59,axxdermusic,Axder,5.1M,1.7M,186.3K,30.9K,49.3K
60,jaxwritessongs,Jax,12.4M,3.7M,671.3K,7.6K,2.6K
61,saramohannad_,Sara,8.7M,3.7M,329.2K,5.1K,15.5K
62,ayesebastien,Sebastien,8M,5.4M,814.2K,2.2K,3.5K
63,skaijackson,Skai Jackson ğŸ¥°,20.8M,5M,857.4K,2.8K,2.6K
64,jvke,JVKE,8.7M,6M,1M,2.2K,1.5K
65,addisonre,Addison,88.7M,6.8M,523.2K,2.5K,3.8K
66,sucss.s,AÃ§ucena Guirra,11.9M,3.6M,811.7K,4K,3.6K
67,druskitv,DRUSKI,3.8M,2.8M,533.6K,4K,10.4K
68,tuckercomedy,Tucker Reynolds,2.5M,3.7M,769.5K,1.9K,5.1K
69,connorprice__,Connor Price,3.2M,5.9M,627.8K,2.9K,2.4K
70,bigsean,Big Sean,738.8K,4.1M,766.6K,2.7K,3.6K
71,postmalone,Post Malone,14M,4.8M,446.8K,3.1K,6K
72,marisol.viola,marisol viola,1.5M,2.5M,428.3K,6.7K,11.2K
73,neymarjr,Enejota,11.3M,5.2M,902.5K,3,4.1K
74,wuesilva,Wue Silva,13.8M,4.4M,540.1K,4.1K,3.9K
75,jimena.jimenezr,Jimena,25.2M,7.2M,816K,1.4K,1.9K
76,nina,Nina Dobrev,4M,6.8M,772.1K,2.4K,1.2K
77,rosalia,La Rosalia,26.8M,4.8M,588.5K,2.4K,4K
78,itskingchris,KingChristian,17.9M,3.7M,703.4K,4.3K,2.7K
79,dansurtiktok,Dan Sur beast ğŸ¤‘,5.9M,5.7M,219.7K,13.8K,543
80,itssassagurl,Sassa Gurl,7M,4.1M,698.4K,3K,3.2K
81,jdpantoja,JD Pantoja,31.4M,4.6M,732.2K,4.3K,906
82,thehealchef,Harry Heal,3M,4.2M,538.7K,3.6K,3.7K
83,anaraquelhz,Raquel,5.4M,3.8M,331.9K,2.7K,9.8K
84,sara.wais,Sara Waisglass,4.3M,3.9M,827.2K,3.5K,1.3K
85,cassmakeshome,CASSMAKESHOME | HOME & DIY,719K,2M,268.2K,22.6K,5.5K
86,jypestraykids,Stray Kids,14.7M,2.3M,607.1K,7K,3.7K
87,cocielo,JÃºlio Cocielo,5.2M,3.2M,451.2K,2.8K,7.2K
88,meghantrainor,Meghan Trainor,13.6M,6.1M,905.1K,1.7K,936
89,spriteder_spd,Prite Netijen Netirattanapaiboon,4.9M,7.4M,789.4K,1.5K,991
90,santiperezvivas,Santi Perez,3M,3.4M,638.3K,2.8K,3.8K
91,kurtisconner,kurtis conner,2M,1.9M,689.7K,7K,3.9K
92,alwaystaketwo,alwaystaketwo,3.5M,5.2M,667.4K,2.2K,1.8K
93,adamrayokay,ADAMRAY,7.1M,3.7M,594.5K,2.4K,3.9K
94,spencer_serafica,Xspencer,13.9M,4.3M,622K,3K,2.1K
95,nianaguerrero,Niana Guerrero,34.6M,5.5M,707.8K,1.8K,1.7K
96,zachking,Zach King,70.7M,9.3M,591K,1.1K,1.4K
97,imeyhou,Meyden,4.6M,6M,690.1K,2.5K,708
98,qamar_altaey,ğ‘„ğ´ğ‘€ğ´ğ‘…,4.3M,3.4M,313.1K,4.9K,7.2K
99,graciajessicajane,Jessica JaneğŸŒ™,11.6M,5.6M,690K,2K,1.4K
100,ferxxo444,Feid,4.6M,3.3M,522.7K,2.6K,4.8K
101,graciajessicajane,Jessica JaneğŸŒ™,11.6M,5.6M,690K,2K,1.4K
102,rodrigodabcasale,Rodrigo Casale (DAB ADDICTION),1.2M,2.4M,401.7K,6.4K,6.8K
103,nourmar5,nourmar5,14.7M,3.1M,190.4K,10K,11.6K
104,calebrownn,Cale Brown,5.7M,4.4M,527K,1.7K,3.8K
105,shxtsngigs,ShxtsNGigs Podcast,5.5M,3.3M,569.1K,1.5K,5.3K
106,jasonderulo,Jason Derulo,56.1M,3.4M,225.5K,561,15.8K
107,esnyrrr,Esnyr,5.8M,4.4M,756.2K,1.8K,1.9K
108,saraisthreads,Sarai Marie,2.1M,3.6M,531.8K,4K,2.3K
109,billlnai,nai,8.8M,3.8M,996.6K,1.8K,1.3K
110,lance210,Lance Stewart,22.6M,4.4M,398.9K,1.3K,5.5K
111,strangehuman,nova,11.1M,4.5M,600.7K,2.5K,1.7K
112,herranwalt,Herr Anwalt,5.9M,2.8M,363.4K,4.3K,6.8K
113,btswings7,BTS,4.8M,1.6M,520.3K,3K,10.5K
114,christophersturniolo,Christopher Sturniolo,3.8M,3.4M,593K,3.5K,2K
115,fhd.artz,ÙÙ‡Ø¯ Ø¢Ø±Øª || FahadğŸ¨,2.3M,4.3M,320.9K,4.6K,3.5K
116,pongamoslo_a_prueba,PongÃ¡moslo a Prueba,37.6M,6.1M,662.6K,1.7K,1.1K
117,jaywheeler,Jay Wheeler,6.1M,4.2M,725.7K,1.7K,1.9K
118,sijad_qasim,Ø³Ø¬Ø§Ø¯ Ù‚Ø§Ø³Ù…,2.3M,5.9M,171.6K,4K,6.9K
119,itsjaylaaw,ğŸ–¤ğŸ–¤ğŸ–¤,2.9M,3.3M,553.5K,4.7K,1.4K
120,olisboa,LISBOA,3.9M,4.7M,848.7K,941,1.8K
121,maiaknight,Maia Knight,8.8M,5.4M,807.1K,1.2K,1.3K
122,beyonce,BeyoncÃ©,4.3M,2.1M,496.5K,7K,3.5K
123,shakira,Shakira,26.5M,4.7M,401.2K,2.4K,3.4K
124,ivanaalawi,Ivana Alawi,8.6M,5.9M,606.5K,2K,956
125,albert_cancook,albert_cancook,9.2M,5.3M,441.9K,3K,1.5K
126,chinamcclain,China,16.4M,3.1M,783.6K,2.1K,2K
127,nadbilqis,nadb,219.1K,3.5M,414.7K,2.5K,4.4K
128,gordonramsayofficial,Gordon Ramsay,34.7M,6.2M,561.4K,1.7K,1.2K
129,firmanskd,ğ™†ğ™Šğ˜¾ğ˜¼ğ™‰,3M,3M,287.9K,891,10.8K
130,jennyhan,Jenny Han,2M,3.1M,561.2K,2.7K,2.9K
131,pablitocastilloo,pablitocastilloo,6.1M,2.9M,277K,1.4K,10.7K
132,ndshvv,ndshvv,3.9M,4.4M,578.7K,2.9K,955
133,williesalim,WILLIE SALIM,19.4M,4.9M,299.1K,4K,2.7K
134,lewiscapaldi,Lewis Capaldi,4M,2.8M,311.1K,2.3K,8.9K
135,hayleythebignoodle,ğŸ’•HayleyğŸ’•,84.6K,2.8M,145.9K,10.8K,12.8K
136,tooturnttony,Tooturnttony,18.7M,5.3M,507K,2.7K,913
137,douhalaribiii,Douha laribii,9.3M,6.3M,405.7K,2.6K,1.1K
138,christian,Christian Del Grosso,4.7M,1.9M,252.6K,3.2K,16.5K
139,jacobday,Jacob Day,6.3M,2.7M,515.4K,4.5K,2.2K
140,dedaaladim,Debora Aladim,1.8M,2.4M,531.1K,3.8K,3.4K
141,isaach.p,Isaac H.P,3.4M,3.1M,445.9K,4.4K,2.1K
142,jindaouis,Louisa Jindaoui,2.4M,3.5M,551.5K,2.6K,2K
143,qamar_altaey,ğ‘„ğ´ğ‘€ğ´ğ‘…,4.3M,2.7M,276.6K,4.9K,6.6K
144,raonyp,Rao,224.5K,1.4M,349.1K,6.1K,11.4K
145,soysuco,soysuco,13.4M,3.2M,332.3K,6.9K,1.1K
146,robertirwin,Robert Irwin,4.6M,2.3M,492.9K,3.6K,3.8K
147,olivertree,Oliver Tree,12.8M,5.5M,490.4K,2K,1.1K
148,mollymaehague,Molly-Mae Hague,2.4M,5M,593.6K,1.8K,1K
149,theovon,Theo Von,3.1M,2.6M,302.3K,1K,9.3K
150,chris,Chris Olsen,8.6M,4.7M,682.3K,1.7K,851
151,sehataqua,SehatAQUA,533.2K,61.1M,70K,539,1.3K
152,dylan.page,Dylan Page,4.5M,2.8M,403.8K,4.1K,2.8K
153,lagranjadelborrego,La granja del borrego,13.2M,5.2M,744.8K,1.4K,627
154,vhackerr,Vinnie,15M,2.8M,473.9K,3.8K,2.1K
155,augustogimenez,AugustoGimenez,13.9M,6M,862.8K,1K,464
156,garett__nolan,Garett Nolan,13.4M,2.7M,351.3K,2.9K,5.2K
157,alexwaarren,Alex warren,15.6M,4.7M,854.5K,893,981
158,madisonbeer,Madison Beer,18.1M,2.9M,492.3K,2.9K,2.3K
159,brodywellmaker,Brody Wellmaker,21.7M,2.7M,461.4K,1.8K,4.2K
160,lukas.urkijo,Lukas urkijo,1.8M,3.8M,384.3K,3.6K,1.4K
161,victormelo,Victor Melo,22.4M,3M,562.2K,2K,2.2K
162,nashvibes,NashVibes Art,4M,5.6M,534.5K,1.2K,1.2K
163,elbitalamanabita5,Elba GonzÃ¡lez,1.5M,2.6M,418.7K,1.6K,4.8K
164,jaimeonod,Telma,1.9M,2.7M,365.5K,3.7K,3.3K
165,b.blek,b.blek,3.1M,4.3M,332.1K,2.5K,2.1K
166,lachlanfairbairn,lachlanfairbairn,1.1M,2.3M,425.2K,2.5K,4.2K
167,zeth,Zeth,13M,3M,546.3K,1.1K,3K
168,emillyvickof,Emilly Vick,13.1M,4.9M,383K,2.5K,1K
169,pierson,Pierson,13.9M,3.7M,617.1K,1.8K,1.1K
170,siscakohl,Sisca Kohl,12.7M,5.5M,495K,1.6K,774
171,lelepons,Lele Pons,28.6M,4.4M,639.5K,1.2K,1.1K
172,jamarcus,Jamarcus Chatman,2.1M,6.1M,301.3K,423,3.1K
173,nayibbukele,Nayib Bukele,4.2M,2.2M,246.7K,5.9K,5.8K
174,surya.manurung,SURYAMANURUNG,2.3M,7.6M,181.5K,3.1K,1.5K
175,rinklebinkle,rinkle binkle ğŸ˜¼,198.4K,1.7M,389K,4.3K,5.4K
176,k0uvr,Kouvr,13.8M,4.3M,667.3K,1.1K,1.1K
177,thoriqhal,thariqhalilintar,4.7M,1.8M,236.1K,13.5K,1.2K
178,bayashi.tiktok,ãƒãƒ¤ã‚·ğŸ¥‘Bayashi,36.3M,3.8M,434.6K,2.9K,905
179,queenofontario,amaris,74.3K,3.4M,721.7K,683,1.9K
180,llkeyllll,Kadi,2.1M,3.6M,238.8K,5.6K,1.6K
181,haileesteinfeld,Hailee Steinfeld,3.3M,1.6M,404.9K,6.9K,2.6K
182,elpugaa,Puga,10.1M,3.7M,334.7K,608,4.3K
183,yucholoco,Sintya Marisca,3M,5M,364K,1.7K,1.6K
184,botakteras,Mike,3.8M,5.1M,406.4K,2.3K,500
185,championsleague,Champions League,18.3M,3.7M,488.1K,1.7K,1.6K
186,youngswagonoriginal,YoungSwagon,5.7M,2.7M,450.1K,1.2K,3.4K
187,slaterkodish,slaterkodish,326.9K,4.3M,580.9K,680,1.6K
188,bmbsh7,Ø¨Ù…Ø¨Ø´ Ø§Ù„Ø³ÙŠØ¯â™¦ï¸bimbshâ™¦ï¸,5.1M,2.5M,330.3K,4.8K,1.9K
189,nicolegarcia,nicole garcia,13M,5.2M,659.2K,1.1K,515
190,mas_nizar,IG: nizar_abzhr31,6.7M,3.4M,450.1K,2.9K,728
191,jelena.unforgetable,#jelena,183.1K,6.2M,434.5K,1.6K,418
192,los_chicaneros,Los_chicaneros,4.9M,2.8M,324K,1.3K,4.5K
193,costatitch,Costa Titch,947.1K,4.3M,305.6K,634,3.4K
194,ash.e.e,Ashley Elliott,11.7M,4.6M,523.7K,1.8K,348
195,evtushenko_dima,Ğ”Ğ¸Ğ¼Ğ° Ğ•Ğ²Ñ‚ÑƒÑˆĞµĞ½ĞºĞ¾,7.8M,2.6M,136.2K,11.8K,3K
196,hisoyvaleria,valeria ğŸ–¤,9.1M,3.2M,443.2K,1.3K,2.5K
197,jessechrisss,Jess,3.6M,3M,665.5K,1.7K,865
198,ozikoy,KOY,7.6M,3M,393.9K,2.3K,2.1K
199,danielatreco,DanielaTreco,1.5M,2M,370.8K,984,5.8K
200,dinosonso_ofc,DinoSonso,8.8M,2.5M,194.1K,4.4K,5.9K
201,oironyoliveira,Kbuloso ğŸ˜ˆ,6.8M,1.7M,154.6K,650,18.8K
202,michou_yt,Michou,7.7M,4M,415.4K,2.4K,568
203,gemeosdomingues,GÃŠMEOS DOMINGUES,2.2M,2M,188.7K,8.6K,4.5K
204,nikitadragun,Nikita Dragun,14.6M,3.6M,446.5K,1.5K,1.5K
205,dobretwins,Lucas and Marcus,36.6M,4.4M,425.4K,1.8K,764
206,valenrewah,Valenrewah,8.3M,5.1M,540.8K,1K,699
207,cardncyn,Carddd,4.5M,5M,599.2K,998,587
208,hiagodosvideos,Hiago Marques,2.1M,2.4M,409K,1.7K,3.1K
209,kaylamalecc,kayla,9.3M,3.4M,429.6K,3K,249
210,babybella777,Bella Hadid,6.4M,4.3M,550K,1.3K,641
211,danythegaggio,Daniele Cabras,3.5M,2.3M,283.5K,1.5K,5.6K
212,unkabogableviceganda,Vice Ganda,10.2M,4.5M,564.6K,1.3K,537
213,hafizmahamad,Hafiz Mahamad,1.2M,2.3M,201.3K,5.3K,4.5K
214,mndiaye_97,mndiaye_97,15.4M,2.7M,458.5K,2.1K,1.6K
215,davidcstt_,David Costa,5.9M,3.1M,493.8K,1.4K,1.6K
216,vanessalopesr,Vanessa Lopes,26.5M,3.3M,345K,2.4K,1.4K
217,eupereiraoficial,Eu Pereira,8M,3.4M,385.9K,1.6K,1.7K
218,anna..paull,Anna Paul,5.6M,3M,602K,1.8K,590
219,karna.val,ğŸ€ĞšĞĞ ĞĞĞ’ĞĞ›ğŸ€,24.5M,2.9M,283.5K,3.2K,2.2K
220,animalize21,animalize21ğŸ”¥,12.8M,4.2M,478K,1.1K,1.1K
221,jaimefrench,Jaime French,485.4K,1.8M,366.4K,2.7K,4K
222,ne_4_,Ù†ÙŠÙ Ø§Ù„Ø³ÙŠØ¯,3.4M,3M,208.5K,4.9K,1.9K
223,yano4kaa.aaa,yano4kaa,4.3M,2.9M,434.6K,1.6K,1.8K
224,ssukasuka12,quotes kartun,1.1M,1.5M,179.9K,194,14.8K
225,lilnasx,lil nas x,28.8M,2.8M,432.1K,1.6K,1.8K
226,abir.sag,Abir el saghir,16.6M,3.6M,292.5K,2K,1.8K
227,bretmanrock,bretmanrock,14.6M,2.3M,504.4K,1.4K,2.2K
228,miladmirg,Milad,5.9M,3.8M,367.7K,2.4K,446
229,jakepaul,Jake Paul,16.9M,4.3M,240.9K,3.1K,880
230,jemimajune_,Jemima June,569.3K,4.5M,510.1K,856,894
231,gordeewa__13,gordeewa__13 :&gt;,13.8M,4.9M,278.6K,2.4K,524
232,axelwebber,Axel,4.4M,3.6M,771.7K,1K,399
233,mohm.nabeel,mohammad.nabeel,566.1K,2.3M,132.4K,4.5K,8.5K
234,paytonking,Payton King,5.3M,1.7M,388.2K,2.7K,3.4K
235,kblock43,Ken Block,1.8M,3.2M,342.3K,762,2.9K
236,nia.ramadhani.bakrie,Nia Ramadhani Bakrie,2.1M,4.1M,337.1K,1.6K,1.2K
237,mateuspesce,Mateus pesce,7.2M,2.2M,257.2K,2.5K,4.5K
238,itsmenicksmithy,Nick Smithyman ğŸ¤“,8.2M,2.6M,243.7K,1.8K,4.4K
239,gurrms0630,BEDDY,7.5M,2.7M,464K,1.8K,1.4K
240,marianagrimaldii,La NiÃ±a Fresa ğŸ“,2.8M,3.3M,449.8K,709,1.9K
241,cedriklorenzen,Cedrik Lorenzen,3.2M,2M,229.7K,3.2K,5.1K
242,lgndfrvr,LGNDFRVR,17.4M,2.5M,417.8K,1.3K,2.4K
243,sunnyjutt1296,SunNy Jutt,2.5M,3.5M,344K,1.9K,1.2K
244,lilpump,Lil Pump,4.4M,2.7M,306.7K,3K,1.5K
245,kukombo,H,4.8M,2.7M,622.2K,1.7K,533
246,caprariu_valentino,V A L E N T I N O,3M,4.3M,230.2K,1.8K,2K
247,hf37777,Ù†Ø¬Ù… Ø§Ù„Ø«Ø±ÙŠØ§Ø¡â­H,643.7K,1.3M,38.4K,6.2K,71K
248,emrata,Emrata,2.1M,3.5M,329.3K,1.2K,2K
249,thallyssonsb,Thallysson Borges,11.2M,2M,294.2K,2.4K,4K
250,artemmodelka,artemmodelka,801.1K,5.1M,299.2K,1.9K,446
251,surthycooks,Surthycooks,15.9M,3.4M,491.7K,1.5K,544
252,sturniolo.triplets,Sturnioloâ€™s,4.7M,2.2M,505.2K,2.2K,969
253,jakekrantz,Jake Krantz,2.4M,2.1M,341.5K,1K,3.8K
254,jairsanchezzz,Jair Sanchez,7.4M,1.8M,280.7K,1.5K,5.2K
255,oldtimehawkey,Old Time Hawkey,6.7M,1.8M,319.9K,3.1K,2.8K
256,andrefernm,AndrÃ© Fernandes,387.3K,888.5K,111.9K,5.7K,28.3K
257,samkelly322,Samantha Kelly,2.6M,3.8M,480.5K,942,931
258,paralympics,paralympics,2.7M,2.5M,300.2K,1.7K,2.8K
259,joe.bartolozzi,Joe Bartolozzi,20.5M,2.4M,395.6K,2.8K,725
260,sebasmorenooo,Sebastian Moreno ğŸ“¸,5.8M,3.2M,360.4K,1.9K,936
261,ferchugimenez,Fernanda,8.1M,3.1M,552.5K,879,1K
262,libardoisaza,Libardo Isaza,20M,3.9M,631.8K,1K,308
263,nhuchuu0909,NhÆ° Chuu ğŸ€,1.7M,6.2M,352.4K,1.2K,313
264,shamichef21,Shamichef,2.2M,4.1M,123.2K,1.4K,4.9K
265,agnesmelo_oficial,Agnes Melo,6M,3.7M,410.9K,1.1K,1K
266,justmaiko,Michael Le,52.3M,5.2M,550.4K,639,469
267,lachama4_ff,LA CHAMA á´°,10.1M,3.6M,500.6K,1.3K,436
268,mandrake1984real,Giuseppe Mandrake Ninno,1.5M,1.9M,236.5K,892,6.1K
269,brookemonk_,Brooke Monk,25M,3.9M,392.5K,1.3K,759
270,asmrblindbags21,Asmr blind-bags,2.3M,3.7M,305.3K,2.3K,563
271,newt,newt,9.9M,2.6M,507.3K,1.3K,1.1K
272,jackjos3ph,Jack Joseph,3.4M,2M,273.9K,2K,3.9K
273,jonata_26,Jonata,6.4M,3M,453K,689,1.6K
274,laurasalazar_s,Doc Laura Salazar,1.8M,1.7M,318.7K,1.3K,4.4K
275,andy.and.michelle,Andy & Michelle,5.6M,2.9M,371.2K,695,2.1K
276,jesusnalgas,JESUSNALGAS,3.6M,1.7M,244.3K,3.2K,4.2K
277,porojin,Chammy ğŸ¦,1.4M,3.3M,648.6K,883,510
278,eldiegobonilla,Diego Bonilla ğŸ’,2.7M,5.6M,261.6K,709,1.3K
279,iury.ofc,Iury Silva,3.3M,4.1M,250.3K,865,2K
280,jackktierney,Jack Lawrenson-Jones,28.7K,2M,458.2K,1.6K,1.6K
281,www.luluca,luluca ğŸ’—,2.6M,1.8M,202.1K,5.9K,2.5K
282,arigameplays,AriGameplays,23.6M,2.9M,415.8K,1.6K,897
283,kervo.dolo,Kervo.dolo,10.4M,1.7M,344.5K,1.5K,3.6K
284,jamescharles,James Charles,37.5M,3.3M,317K,1.7K,1.1K
285,datdo0803,Äá»— Äáº¡t,7.7M,3.6M,398.2K,1.4K,619
286,miguelito_peru,Miguel Alessandro,2.4M,2.4M,183.3K,1.2K,5.4K
287,sabrinacarpenter,Sabrina Carpenter,13.1M,2.9M,361.7K,1.7K,1K
288,soy_marcela4,Soy_marcela,5.2M,1.8M,332.6K,1K,3.8K
289,adifishy,adi,3.4M,10.7M,291K,427,471
290,leannafirestone,leanna,691.6K,1.7M,277.2K,1.9K,4K
291,outtpig,OuttPig,2.3M,1.5M,341.1K,2.5K,2.9K
292,jennialarcon_,Jenni Alarcon,3.7M,2.6M,452.3K,1.3K,1K
293,larrywheels,Larrywheels,2.1M,3M,305.6K,1.1K,1.9K
294,bestgodmode,GOD MODE MOMENTSğŸŒ€,2.1M,4.1M,570.6K,595,583
295,kallmekris,Kris HC,47.1M,2.4M,292.3K,2.6K,1.3K
296,retomiguel,Jen & Miguel,3.2M,2.4M,279.6K,582,3.5K
297,pokmindset,POKMINDSET,2.2M,4.5M,408.8K,786,708
298,tatizaqui,TATI ZAQUI,8.1M,4.1M,212.9K,2.7K,376
299,winnermaxyt,WinnerMax,6.2M,4M,318.2K,1.1K,1K
300,tarcisioxx_,Thiago Tarcisio,3.1M,1.8M,39.6K,35.2K,1.9K
301,rl.carbona,rl carbona,1.3M,2.7M,404.9K,758,1.6K
302,ninogashi,NinoGashi,1.6M,2M,166.2K,2.8K,5K
303,its.michhh,Michel Chavez,33.3M,3.6M,432.9K,1.4K,250
304,larissagloor,ğ—Ÿğ—®ğ—¿ğ—¶ğ˜€ğ˜€ğ—® ğ—šğ—¹ğ—¼ğ—¼ğ—¿,3.8M,2.2M,424.7K,1.9K,886
305,nonnapiaa,Nonna Pia,3M,1.8M,177.8K,3.9K,4.1K
306,carloandsarah,carloandsarah,4.2M,2.6M,324.8K,1.1K,2K
307,sapphie_the_pomsky,Sapphie the Pomsky,3.2M,2.6M,220K,1K,3.4K
308,samanthayve,samantha eve ğŸ¤ ,6.7M,4.6M,249.6K,1.7K,552
309,jimenibby,jimenibby,1.6M,2.3M,404.6K,2K,693
310,robegrill,robegrill,11.4M,3M,340.6K,578,1.9K
311,rafaelsantos,Rafael Santos,18.9M,2.7M,425K,1.5K,637
312,montpantoja,Montpantoja,36.4M,3.2M,449.9K,1.2K,520
313,jordanavucetic,jordanavucetic,3M,1.7M,390.3K,3.2K,606
314,yazidzohri,Yazid Zohri,2.8M,3.2M,237.9K,2.4K,816
315,suillaud,suillaud,1.1M,1.2M,321.7K,3.1K,3K
316,livvy,Olivia Dunne,6.2M,2.5M,312.3K,2K,1.1K
317,dannero,Dannero,7.5M,3M,265.9K,1.6K,1.4K
318,jjeverettrose,Jake Joseph Everett-Rose,4.2M,2.3M,367.7K,1.4K,1.5K
319,cierraramirezofficial,Cierra Ramirez,1.3M,2.4M,520.8K,998,921
320,datvilla94,ğŸ”¥Äáº¡t VillağŸ”¥,7.2M,1.9M,158.9K,5.6K,2.5K
321,shayvise,Shayvise,4M,2.7M,459.2K,1.5K,401
322,lyodrabeneran,Lyodra Ginting,2.2M,2.1M,286.6K,1.2K,2.7K
323,dudeperfect,Dude Perfect,17.2M,4.7M,544.8K,396,531
324,jordanbardella,Jordan Bardella,292.2K,1.7M,178.9K,4.6K,3.2K
325,gusyterequijas,Gus Quijas,2.7M,2.8M,393.3K,864,1.3K
326,e_l_k_s_a_7_a,ğŸ”± Ø§Ù„ÙƒØ³Ø§Ø­Ù‡ ğŸ”±,7.5M,2.2M,245.4K,2.4K,1.9K
327,oscar_mezar,Oscar Meza,6.2M,3.7M,352.1K,664,1.1K
328,mimiyouu,Mimi YOU,497.5K,2.3M,211.4K,1.8K,2.9K
329,marshelwidianto,Marshel Widianto,2.5M,2.9M,222.9K,2.6K,969
330,atretaequedahonorarios,Pedro Almeida,121.7K,1.7M,119.4K,4.9K,6.3K
331,jubiandxian,jubiandxian,6.1M,2.6M,380.2K,1.2K,1.2K
332,helen_christie,Helen Christie,1.2M,3M,514.9K,792,665
333,mrnigelng,Nigel Ng (Uncle Roger),6.4M,2.7M,313.8K,855,1.9K
334,landonbarkerr,Landon Barker,4.3M,3.2M,397.8K,1.4K,368
335,timmy2cans,Timmy2Cans,1.6M,2.5M,229.8K,1K,2.8K
336,fedevigevani,Fede Vigevani,15M,3.4M,232.9K,2.3K,541
337,dafnnejm,dafnne â˜»,4.4M,2.5M,468.7K,1.3K,565
338,thecordlefamily,Hunter & Devin,3.2M,2.6M,379.7K,869,1.4K
339,bu3qeel,abu aqeel ğŸ™†ğŸ»â€â™€ï¸,1.1M,3.3M,137.3K,2.5K,2.4K
340,reemandbarbary,Reem Ùˆ Barbary,3.8M,3.6M,261.6K,918,1.4K
341,realmadrid,Real Madrid C.F.,22.3M,2.7M,321.8K,1.1K,1.4K
342,flossybaby,flossybaby,4.2M,2.1M,362.4K,1.4K,1.4K
343,pkllipe,Pk,19.6M,2M,405.4K,1.4K,1.3K
344,trevorwallace,trevor wallace,9.1M,2M,313.6K,755,2.7K
345,jairitosolano,jairito,1.9M,4.9M,330.7K,589,737
346,6ar6ie6,BARBIE THREE SIX,1.8M,2.6M,345.3K,1.5K,871
347,minami.0819,ğŸ¦„ğŸ’™MINAMIğŸ’™ğŸ¦„,1.8M,1.3M,160.9K,8.5K,1.7K
348,huddy,Huddy,32.2M,2.1M,264K,2.7K,1.3K
349,iimaya1,Maya Majed,1.7M,2.9M,158.6K,2K,2.6K
350,anas_fikry,Anas fikry,12.3M,2.7M,183.6K,2.3K,2K
351,keeganevansphoto,Keegan Evans,1.2M,2.5M,372.9K,1.2K,1K
352,sonyakisa8,Cat Sonya,17.9M,3.8M,180.7K,679,2.3K
353,mattiastanga,Mattia Stanga,2.8M,1.4M,223.1K,1.2K,5.4K
354,charlieputh,Charlie Puth,20.7M,2.2M,285.2K,2.2K,1.1K
355,abbieherbert,AbbieHerbert,14.2M,4.3M,459.1K,671,372
356,keirariff,Keira,5.4M,2.4M,521.4K,832,813
357,joshpeck,Josh Peck,7.8M,2.9M,369.7K,627,1.3K
358,nottclay,nottclay,2.2M,976.4K,182.9K,1.5K,10K
359,ayudewi070,AyuDewi,1.3M,4.4M,186K,1.3K,1.2K
360,nottheworstcleaner,Not the Worst Cleaner,5M,3M,359.4K,1.4K,484
361,sweizayne,Iana McCalebb,1.8M,1.1M,242.7K,2.9K,4.6K
362,incorrectlyroce,Roce OrdoÃ±ez,9M,2.6M,418.4K,851,990
363,halinhofficial,Ha Linh Official,2.9M,3M,302.9K,1.8K,431
364,virginiafonseca,Virginia,34.8M,2.8M,393.3K,1.1K,720
365,brentrivera,Brent Rivera,45.5M,2.1M,306.8K,2.7K,382
366,murphslife,Aaron Murphy,5.9M,1.7M,198.7K,1.8K,4K
367,erictro,Eric Tro,4.8M,4.2M,417.5K,605,503
368,melfouad,Melfouad,1.5M,1.9M,126.7K,1.8K,6.4K
369,itspuffpuff,Puff Puff,4M,1.4M,80.4K,1.4K,16.3K
370,iben_ma,Iben M.A.,9.2M,2.7M,207.5K,3.2K,280
371,hesfinatia,PINATğŸ…|| IG: @hesfinatia,9.3M,3.8M,399.6K,1K,262
372,rucenuenda1,Ruce Nuenda,2.5M,2.5M,367.8K,1.6K,443
373,joshtgodfrey,Josh Godfrey,785.3K,1.7M,178.8K,2.9K,3.5K
374,thecoreyb,Corey B,9M,1.2M,174.6K,977,8K
375,isaias,IsaÃ­as,11.5M,1.8M,266.7K,1.8K,2.2K
376,3dshane,Shanef3d,432.6K,2.5M,248.8K,1K,2.1K
377,dilanjaniyar,Emang namanya Dilan,2.1M,3M,263.6K,1.9K,445
378,insertrichie,Insert Richie,4.4M,2.7M,217.8K,767,2.4K
379,chourouk.model_official,Chourouk_model_official,5.7M,3.3M,173.5K,626,2.6K
380,keniaos,KeniaOs,16M,1.7M,319.5K,2.3K,1K
381,lana_mohd89,ğ‘³ğ‘¨ğ‘µğ‘¨ ğŸ¦‹,6M,2.2M,174.2K,2.8K,1.9K
382,matt_and_abby,Matt & Abby,4.7M,3M,382.9K,520,1.1K
383,c4tluvr666,Kennedy Walsh,2.8M,1.8M,440.2K,1K,1.2K
384,chinguamiga,Chingu Amiga,20.5M,3M,399.5K,1.1K,384
385,iamdtg,DTG,2.7M,1.6M,182.6K,1.5K,4.5K
386,keemokazi,KEEMOKAZI,31.2M,3.3M,350.1K,1.2K,313
387,yogabukanhyuga,yogabukanhyuga,199.1K,2.4M,231.6K,639,2.6K
388,dermdoctor,DermDoctor | Dr. Shah,17.3M,4.8M,221.2K,711,941
389,twistedpennywise,TwistedPennywise,17.6M,2.5M,260.6K,1.3K,1.4K
390,2m.elgany,ğŸ‡²ğŸ‡¦(Ù…Ø­Ù…ÙˆØ¯&Ù…Ø±ÙŠÙ…)ğŸ‡ªğŸ‡¬ Ù‡ÙŠØ³ØªÙŠØ±ÙŠØ§,1.2M,2.6M,144K,1.8K,2.8K
391,morganveraa,Morgan Vera,6.2M,3.5M,328.5K,773,709
392,therealhammytv,TheRealHammyTV,15.7M,3M,164.1K,533,2.9K
393,leal_stephany,Stephany Leal,13.6M,1.9M,376.1K,452,1.9K
394,quenblackwell,quenblackwell,7.9M,1.8M,271.1K,2.4K,1.2K
395,alwifahry,alwi fahry,10.9M,1.9M,242K,2K,1.6K
396,namemnjtv12,MNJ TV(à¸•à¸±à¸§à¸ˆà¸£à¸´à¸‡),7.6M,3.3M,285.6K,1.4K,346
397,attahalilintar,Atta Halilintar,12.8M,2.8M,258.1K,1.3K,1K
398,julesleblanc,jules,18.9M,2.4M,561K,1K,186
399,iamdikeh,Dikeh,4.9M,1.9M,248.7K,2.4K,1.1K
400,dennismik,DENNISMIKğŸ’«,5.5M,4.1M,212.2K,736,1.1K
401,vilmeijuga,VILMEIâœ¨,20.4M,2.1M,183.8K,2.2K,2K
402,dudamaryah,dudamaryah,6.4M,1.8M,325.6K,1.1K,1.6K
403,mdmotivator,Zachery Dereniowski,11.1M,2.6M,388.3K,1.2K,382
404,andreaaybar1995,Andrea Aybar,3.5M,3.9M,270.3K,1.3K,252
405,lizzza,Liza Koshy,30.3M,2.3M,337.1K,1.3K,801
406,itsasiaelaine,Asia E Smith,176.8K,1.1M,125.5K,3.3K,8.3K
407,pedroarcafra,PEDRO ARCAFRA,2.9M,934.2K,63.9K,768,25.9K
408,thebrandonrobert,Brandon Robert,11.5M,2.3M,198.5K,1.9K,1.6K
409,madelineargy,madz,3M,2.5M,454.1K,933,468
410,nathaliavalente,Nathalia,14.4M,2.8M,303K,1.4K,488
411,airrack,Eric Decker,1.3M,3.4M,418.5K,857,252
412,zodiac.boyfriend,Zodiac BoyfriendğŸªğŸ”®,2.4M,1.6M,207.3K,2.1K,2.6K
413,yurielkysojeda,Yurielkys Ojeda ğŸ•·,15.5M,2.2M,280.8K,995,1.5K
414,brittikitty,Brittany & Lily,14.7M,2.3M,346.9K,1K,926
415,jiembasands,Jiemba Sands,4.8M,1.5M,245.3K,1.1K,3.2K
416,ireniusx,ireniusx,6.5M,2.1M,381.2K,960,1K
417,1iamdesibanks,Desi Banks,1.7M,1.2M,195.5K,1.3K,5.4K
418,noeldeyzel_bodybuilder,Noel DeyzelğŸ‡¿ğŸ‡¦,5.8M,1.9M,308.8K,1.3K,1.4K
419,mieayamthebstt,UnaağŸœ,16.7M,2.8M,278.9K,1.3K,653
420,sabrenorris,Sabre Norris,3.7M,2.2M,205.7K,3K,346
421,beca,beca,26.8M,2.1M,254.2K,1.9K,947
422,dilanjaniyar_2,Emang Dilan namanya,2.6M,2.6M,328.9K,1.3K,468
423,nnatalieaguilar,natalie & the aguilars,5.4M,3.3M,467.4K,450,547
424,tifannylm,âš¡ï¸TEF,9M,3.5M,443.7K,604,370
425,zeinazeee,Zeina Zee,4.1M,3.7M,225.4K,1K,807
426,thebenjishow,benji,6M,2.1M,287.4K,883,1.6K
427,the.sign.guy,Austin Mollno,5.1M,3.5M,405K,872,176
428,nick.digiovanni,nick.digiovanni,9.4M,2.8M,398.3K,890,438
429,lkzinhu,LK,18M,2.4M,337.7K,937,889
430,nilered,NileRed,10.6M,1.6M,351.8K,1.4K,1.2K
431,n.vv3,Ù†Ø§ØµØ± || ğŸ‡¸ğŸ‡¦ alsubaie,4.8M,2.2M,145.6K,2.1K,2.6K
432,mispastelitos_,Mis Pastelitos,10.2M,2.6M,389.5K,620,827
433,lordtrunks,Lord Trunks,4.5M,2.1M,240.4K,1.5K,1.4K
434,taliyaandgustavo,TALIYA & GUSTAVO,2.5M,3.1M,297K,701,868
435,dimelonegritow,El negritoğŸ§‘ğŸ¾â€ğŸ¦±,1.5M,2M,249.4K,723,2.1K
436,tessa_dgen,ĞĞ½Ğ°ÑÑ‚Ğ°ÑĞ¸Ñ,2.7M,1.9M,103.1K,2.5K,4.8K
437,maytree_music,Maytree ë©”ì´íŠ¸ë¦¬,11.3M,2.6M,214.9K,1.6K,1K
438,kimandnorth,Kim and North,9.6M,4.6M,332K,0,945
439,karenbarreraoficial,Karen Barrera,16.3M,3.5M,335.6K,484,724
440,venomlive85,ğŸ•¸ VENOM ğŸ•¸,1.1M,2.9M,217.9K,1.8K,410
441,abu_julia_official,Abu Julia Ø£Ø¨Ùˆ Ø¬ÙˆÙ„ÙŠØ§,3.3M,2M,123.6K,1K,4.7K
442,initiaraandini,tiara andini,5.2M,2.5M,267.2K,1.4K,730
443,krisjenner,Kris,3.5M,1.6M,237.7K,2.2K,1.5K
444,bek1as,Bektas,243.6K,1.7M,201.4K,1.2K,2.9K
445,lucasvarelaaaa,Lucas varela,3M,1.6M,264K,436,3K
446,madonna,madonna,3M,3.1M,71.5K,4.2K,2.1K
447,mondeenise,MonicağŸ–¤,1.4M,1.2M,188.9K,5.2K,904
448,vanbanger,tyler,958.6K,1.4M,220.1K,1.9K,2.7K
449,thelondoncharles,London Charles,6.1M,2.1M,365K,1K,749
450,farhanrn__,FARHAN,5.4M,2.4M,343.6K,1.1K,591
451,taylorrandsoph,TAYLOR & SOPHIA,2.8M,1.8M,250.6K,1.3K,1.8K
452,pakoyaso_,Pakoyaso,13.8M,2.4M,327.8K,1K,725
453,ali.klose11,Ø¹Ù„ÙŠ ÙƒÙ„ÙˆØ²Ù‡,2.2M,1.8M,213.4K,2.6K,919
454,katclark86,Kat Clark,3.1M,2.6M,392.4K,1.2K,161
455,official_gidle,(G)I-DLEÂ·(ì—¬ì)ì•„ì´ë“¤,3.4M,2.1M,345.1K,1.3K,643
456,diegodiego_,Diego Cruz,8.3M,1.3M,208.9K,2.5K,2.5K
457,snerixx,Sam Erix,8.5M,1.4M,334.2K,1.6K,1.3K
458,fedez,fedez,5.9M,1.8M,225.3K,1.6K,1.8K
459,kulinaria.recetas,AGUS LIPORACE,4.2M,2.2M,249.5K,340,2.1K
460,itsmatheuscosta,Matheus Costa,5.1M,1.7M,219.2K,1.7K,1.9K
461,leen_mohd98,LEENğŸŒ¸,4M,2.4M,150.4K,2K,1.7K
462,rayssabuq,Rayssa Buq,7.6M,2M,164.1K,1.6K,2.5K
463,rondamichael,michael ronda,4M,2.5M,285.5K,692,1.2K
464,lisefalfio,Lisef Alfio,1.6M,2.1M,160.7K,596,3.4K
465,fredziownik_art,Franek Bielak,12.6M,3.6M,194K,1.4K,504
466,sonrixs_,Sonrixs,14.8M,3.3M,397K,661,351
467,unnecessaryinventions,Unnecessary Inventions,6M,1.6M,314K,1.8K,814
468,_mrs.grey,_mrs.grey,127.1K,1.4M,357.9K,1.5K,1.2K
469,ailutokman,Ailu Tokman | RECETAS FÃCILES,3.7M,1.6M,201.9K,323,3.8K
470,adrianbliss,Adrian Bliss,7.6M,2M,332.7K,724,1.3K
471,tiger050794,Son Tung M-TP,3.9M,1.6M,236.5K,3K,445
472,zainah.mb,Zainah & Minnie,2M,1.5M,278.5K,818,2.3K
473,noguidnce,NO GUIDNCE,2.4M,2.3M,387.7K,990,481
474,good.boy.ollie,Good Boy Ollie,5M,1.2M,254.4K,1.4K,2.9K
475,basementgang,Basement Gang,5.8M,1.6M,306.6K,947,1.7K
476,averycyrus,Avery Cyrus,8.2M,3.4M,273.4K,739,658
477,fujiiian,Fuji,16.6M,3M,274K,809,763
478,chilinypikinoficial,Chilinypikinoficial,4.1M,3.6M,184.7K,518,1.4K
479,aaaniiqqq,aniqsuhair,284.2K,1.8M,205.1K,1.4K,2.1K
480,germangarmendia,German Garmendia,18.8M,1.9M,327.7K,1.5K,522
481,fayneee,Unaverage Student,3M,2.3M,165K,2.1K,1.2K
482,baylenlevine,Baylen Levine,4.7M,1.3M,219.7K,3.5K,942
483,bigtugg,Tucker Lindgren,2.1M,1M,275.7K,1.7K,3K
484,nelyrall,NELYRALL,7.2M,1.3M,191.8K,1.5K,3.6K
485,calebwsimpson,CALEB SIMPSON,5.6M,3.2M,303.8K,653,651
486,avascreams,ava,1M,1.4M,323.6K,2.3K,542
487,kfc_es,KFC EspaÃ±a,3.9M,1.4M,166.5K,2.6K,2.6K
488,tommyinnit,Tommy,11.9M,1.1M,247.2K,3.4K,1.2K
489,mattsturniolo,Matt,3.6M,1.5M,235.9K,2.6K,893
490,capa_in_visible,Capa Invisible,1.2M,1.5M,326.6K,1.2K,1.3K
491,isaac.h.p.karaoke.backup,Isaac H.P Karaoke Backup,1.9M,870K,156.7K,3.8K,5.3K
492,supremepatty_,Supreme Patty,471.5K,2.7M,238.3K,1.4K,548
493,dovecameron,Dove Cameron,12.3M,1.8M,338.2K,1.4K,712
494,jhothsa,jhothsa,14M,1.4M,227.2K,1.5K,2.5K
495,annamcnulty,Anna McNulty,8.1M,2.4M,240.9K,1.3K,793
496,cirowhites1.0,CiroWhites,2.5M,1.6M,304.4K,604,1.9K
497,grannybibbins,Granny,636.4K,980.2K,197.3K,874,5.5K
498,niziu_official,NiziU,2.6M,2.7M,143.6K,1.3K,1.9K
499,nada_m7amed,Ø¯ÙˆØ¯Ø§ğŸ¦¹ğŸ»ğŸ¤,6.5M,1.6M,219.3K,753,2.7K
500,marsaimartin,Marsai,3.8M,1.4M,371.8K,1.5K,814
501,vidhia_r,ğŸ‡Vidhi_RğŸ‡,7.5M,1.4M,168.8K,3.6K,1.7K
502,joaoferdnan,JoÃ£o Ferdnan,8.4M,1.2M,173.4K,2.2K,3.7K
503,clawmachine_mokkai,ã‚‚ã£ã‹ã„ã¡ã‚ƒã‚“ã­ã‚‹,267.4K,5.3M,111.1K,705,1.4K
504,yasincengiz38,YasinCengiz,3.3M,2M,137.7K,1.4K,3K
505,angryreactions,Oneya Dâ€™Amelio,26.7M,1.4M,236.7K,3.2K,449
506,logfive,Logan,2.7M,1.6M,243.3K,1.1K,2K
507,just.hamilton,Just Hamilton,3.1M,1.3M,260.6K,939,2.6K
508,deshawnharrisss,Deshawn âœª,2.1M,1.1M,190.9K,1.4K,4.2K
509,mackenziesol,mackenzie sol,12.2M,2.2M,160.3K,432,3K
510,katstickler,Kat,9.4M,3M,339.4K,736,456
511,julisavioli,Juli Savioli,6.8M,2.3M,266.6K,1.2K,707
512,faiqfreestyle,Faiq Freestyle,1.1M,2.2M,234.9K,1K,1.3K
513,avemoves,avemoves,17M,1.7M,393.9K,841,920
514,francoescamillaofficial,Franco Escamilla,17.5M,2.1M,250.9K,481,1.8K
515,hadeel.alali,Ø§Ù… Ø³ÙŠÙ om sayf,3.2M,3.9M,138.6K,896,1.3K
516,dictionarei,Reizuka Ari,2.9M,2.5M,313.9K,1.1K,364
517,riumbau,Hector Riumbau,2.6M,1.3M,180.2K,752,4.3K
518,shaughnaphillips,shaughnaphillips,397.5K,1.4M,184K,1.8K,2.6K
519,seungbin030708,ìŠ¹ë¹ˆğŸ¥,5.2M,2.7M,227.7K,1.3K,662
520,kessel_nathan_official,Nathan Kessel,8.9M,1.6M,166.3K,1K,3.4K
521,naimdarrechi,Naim DarrechiğŸ†,28.4M,2.3M,259K,441,1.5K
522,priimoraa,Prii Moraa,17.1M,3.4M,433.5K,423,354
523,chuponcitotv,Chuponcito,4.9M,2.3M,113.8K,287,4.1K
524,gilmhercroes,GIL CROES,35.2M,2.8M,162.4K,896,1.6K
525,aliciacreti,Alicia Creti,714.9K,836.9K,204.3K,3.7K,2.9K
526,axelviewoficial,AxelView,4M,1.5M,152.4K,794,4.1K
527,locofer5,Locofer5,1.2M,1.4M,260.1K,1.5K,1.7K
528,irinimeza06,irini Trix,1.7M,3.5M,269.7K,780,410
529,krissiti911,Krisjiana & Siti Badriah,3.2M,3.9M,310.5K,582,342
530,erikconover,Erik Conover,524.1K,2.3M,153.9K,1.5K,1.7K
531,abbduuu21,Ø¨ÙˆØ´Ù†Ø¨â­ï¸,13.7M,2.7M,163.2K,1.1K,1.5K
532,ateez_official_,ATEEZ_Official,3.6M,806.6K,243.4K,3.2K,2.3K
533,zdotss,ZDOTSS,2.1M,2M,221.2K,1K,1.5K
534,dr.cracks,Dr.Cracks,5.7M,2.4M,107K,866,3.4K
535,martita_de_grana,Martita de GranÃ¡,704.2K,1.6M,78.7K,939,7.7K
536,dandiaff,dan x id,1.3M,4.1M,311K,444,406
537,abrahamdpee,Abrahamdpe,4.8M,2.2M,174.8K,1K,1.9K
538,kodasteven,StevenğŸ‡µğŸ‡·,6.2M,1.7M,328.1K,1.5K,468
539,felipenpv,Felipe Paiva,4.3M,1.5M,263.4K,1.4K,1.3K
540,alwuhu,Alan Wu,3.8M,1.1M,184.4K,864,4.5K
541,thehypehouse,The Hype House,21.3M,2.5M,303.9K,1.1K,324
542,notorious_foodie,Notorious Foodie,2.4M,2.3M,149.9K,865,2.2K
543,pete_pamana,petepamana,3.3M,4.2M,168.8K,896,592
544,manhtienkhoi_,Máº¡nh Tiáº¿n KhÃ´i ğŸ¯,5.1M,1.9M,194.2K,2.1K,714
545,nathalieholscher14,Nathalie Holscher,7.7M,4M,216.2K,597,599
546,kfulgar,Kristel Fulgar,3.6M,1.5M,284.6K,1.3K,1.1K
547,karolsevillaokay,karolsevillaofc,26.2M,2.6M,243.1K,1.1K,499
548,renpc_,âœ¨Ren PCâœ¨,5M,1.1M,199.1K,989,3.7K
549,jawarshere,Jawaria,852K,2.5M,325K,863,401
550,japanfriends,Japan and friends,2.1M,2.3M,288.6K,463,1.1K
551,guipolemicoo,GUI POLÃŠMICO,8.5M,1.7M,194.1K,707,2.4K
552,itsqcp,QCP,11.3M,2.2M,321.1K,809,637
553,dante_caro,Dante Caro,1.8M,2.3M,202.1K,310,1.9K
554,casaltoxico,âœ¨ Casal TÃ³xico âœ¨,6.5M,1.2M,196.5K,1K,3.3K
555,com.yamato0515,ã€ã‚³ãƒ ãƒ‰ãƒƒãƒˆã€‘ã‚„ã¾ã¨,1.9M,1.3M,158.7K,3.6K,1.3K
556,jamesllewis,Jamesllewis,5.8M,2.3M,187K,1.2K,1.1K
557,iheartmemphis,MEMPHIS ğŸ”¥,13.7M,3M,190.2K,1.4K,348
558,ujoaozinho,uJoÃ£ozinho ğŸ¤˜ğŸ»,8.9M,3.5M,382.4K,427,319
559,deborahyowa,Deborah yowa,16.2M,3.3M,170.1K,985,793
560,lu.s.cas,Lucas,3M,3M,291.6K,968,188
561,maluborgesm,MALU BORGES,3.4M,1.1M,192.6K,3.6K,1K
562,yourmommadontdance,Kimberly Ward,287.6K,4.2M,273.8K,734,126
563,kopke613,kopke613,4M,1.2M,149.4K,2.1K,3.4K
564,claragnds,Maria Clara Garcia,19.2M,1.7M,202.3K,1.9K,981
565,wigofellas,wigofellas,35M,2.9M,172.1K,920,1.1K
566,terryreloaded,Terry Reloaded,6.8M,1.1M,214.1K,1.5K,2.7K
567,shaturday,shadirafirdausi,1.4M,2.2M,336.9K,926,393
568,natajadeh,sheren'natğŸ‡®ğŸ‡©,5.1M,2.8M,252.7K,721,654
569,bobbialthoff,Bobbi,3.5M,2.9M,207.4K,477,1.1K
570,sobrevivente13,Edelson Ribeiro,4.6M,1.6M,142.6K,1K,3.3K
571,jmartineze_,josi,23.4M,1.9M,298K,905,810
572,moontellthat,MOONTELLTHAT,14.2M,2.8M,154.6K,990,1.3K
573,batuffolo75,tortoriciclaudia,1.1M,1.4M,124.4K,1.2K,4.3K
574,mbossotz,Mbosso Khan,549K,1.6M,113.8K,2.5K,2.8K
575,marcelldegen,Marcelldegen,4M,2.2M,179.4K,2.1K,310
576,masood_boomgaard,masood_boomgaard,680.4K,1.2M,68.9K,855,11.2K
577,hashem.alghaili,Hashem Al-Ghaili,319.8K,1.5M,162.1K,1.3K,2.8K
578,elbernas321,BernaVeo2010,2.4M,1M,86.2K,217,10.5K
579,codenamejesse,Jesse,3.2M,1.4M,249.4K,1.4K,1.4K
580,abo.zizo,Û©â™¥Û© Ø¹Ø§Ø¦Ù„Ø© Ø§Ø¨Ùˆ Ø²ÙŠØ²Ùˆ Û©â™¥Û©,5.7M,3M,184.2K,665,1K
581,althea420,ALTHEAğŸ˜ˆ,2M,1.4M,109.7K,4.1K,2.1K
582,majofutbol,MarÃ­a JosÃ© LÃ³pez RodrÃ­guez,244K,3.4M,336K,455,373
583,lauralove5514,LauraLove,7.8M,1.7M,314.1K,1K,738
584,soupytime,georgie,5.2M,1.5M,283.5K,800,1.4K
585,sebasgal11,Sebastian Gallo,5M,3.8M,401.7K,308,309
586,mohaimen.alaa,Ù…Ù‡ÙŠÙ…Ù† Ø¹Ù„Ø§Ø¡,4.5M,1.6M,178.3K,2.2K,1.2K
587,mijangggg,mizanpilus,150.3K,1.3M,124.5K,2K,3.8K
588,letskwoowk,KWOOWK with Kevin,3.1M,2M,223.1K,1.6K,461
589,ajh.10,Ø¹Ø¨ÙˆØ³ÙŠ Ù…Ù‡Ø¯ÙŠ,1.3M,2.8M,75.7K,998,3.4K
590,ratuauliaa22,ratuauliatp,13.2M,2.2M,259.8K,1K,581
591,themolyajan,Moldir,2M,2.5M,169.1K,1.7K,544
592,pamiathat,Jack Carden,719.4K,1.4M,282.8K,2K,318
593,zachjustice,Zach Justice,4.7M,1.6M,280.8K,546,1.5K
594,zackbarbour,Zack Barbour,3.1M,1.5M,139.6K,1.2K,3.1K
595,lucaslopezvilet,Lucas Lopez,2.7M,1.5M,198.9K,993,2.1K
596,engfa32,ENGFA,4.2M,1.7M,233.1K,1.7K,577
597,jadethirlwall,Jade Thirlwall,2M,1.2M,208.9K,2.3K,1.1K
598,cellat36,cellat36,8.6M,1.9M,106K,3.4K,1.1K
599,chengkhen2k2,ChengğŸ¦,3.9M,2.3M,280.4K,648,754
600,jesusangelperezoficial,ESE PÃ‰REZ,3.7M,1.7M,209.6K,353,2.2K
601,mrcaqui,Facundo Izquierdo,7M,1M,236.3K,903,2.8K
602,danivallem,Dani Valle,5.3M,1.1M,86K,438,9.4K
603,ismab4c,Isma B4C,1.1M,2.3M,343.8K,801,342
604,naenano,ãªãˆãªã®ğŸŒ¨,3.7M,2M,189.9K,1.2K,1.1K
605,peter_vigilante,PeterVigilante,4.2M,2.2M,188K,784,1.3K
606,odakei_6,OdAkEi,787.3K,2.8M,131.4K,1.3K,1.1K
607,duyyy.real.channel,NgÃ´ Äá»©c Duy,5.4M,2.5M,254.5K,1K,339
608,beikmusica,BEIK,278.4K,713.6K,122.2K,728,9.3K
609,soimah_pancawati,Soimah Pancawati,2.1M,1.5M,106K,2.7K,2.7K
610,gabimfmoura,Gabriela Moura,8.7M,2M,275.2K,557,1.1K
611,edwinmendozza,ğ–Šğ–‰ğ–œğ–ğ–“,15.3M,2.6M,324.4K,787,239
612,carenalegria,Caren y Coco â™¥ï¸,2.9M,1.9M,154.8K,1.8K,1.1K
613,celinaspookyboo,CelinaSpookyBoo,26.4M,1.7M,209K,1.4K,1K
614,bruontheradio,Bru,4.4M,2.9M,428.9K,364,319
615,steven.stenlyy,steven.stenlyy,4.6M,2M,173.7K,1.2K,1.2K
616,antourny,Antony Santos,2.6M,2.4M,234K,1.1K,442
617,i_am_doshik1,i_am_doshik,20.7M,1.9M,181.1K,1.6K,894
618,ehbeefamily,Eh Bee Family,11.8M,1.5M,284.5K,1.5K,476
619,pumatheweirdo,Cat Puma,2.6M,1.3M,186.7K,601,2.8K
620,hilda_70,Hilda,1.4M,1.1M,124.4K,5.5K,532
621,hussein56t,Ø­Ø³ÙˆÙ†ÙŠ Ø§Ù„Ø´Ø¹Ø±Ø§ÙˆÙŠ,460.7K,3.3M,180.8K,745,631
622,leonardberducat,LÃ©onard Berducat,355.1K,2.4M,157K,1.3K,835
623,padillamarilis,padillamarilis,552.5K,2.5M,99.8K,1.6K,1.7K
624,mexicocookingclub,Calixto Serna,11.5M,1.7M,239.9K,1.1K,916
625,noelgoescrazy,noelgoescrazy,13.9M,7.3M,147.1K,278,484
626,ufc,ufc,12.7M,1.7M,154.3K,1.4K,1.7K
627,albertinasacaca1,Albertina Sacaca Cal,6.7M,3M,228.5K,808,396
628,namyulenka,Namy,7.1M,1.7M,244.6K,1.1K,935
629,siganviendo59,jeancarlo MTB,10.6M,2.1M,223.5K,977,744
630,joshhelfgott,Josh Helfgott,5.1M,989.5K,208.6K,2.1K,1.8K
631,bomanizer,Bomanizer,1.6M,1.1M,220.5K,1.1K,2.3K
632,christinaroki,Christina Roki,2.8M,2.3M,315.9K,797,309
633,burberry,Burberry,2.2M,2.6M,190.7K,812,797
634,tabithaswatosh,Tabs,12.9M,2.3M,392.7K,714,183
635,unlabeled_,Paula ğŸ„,1.3M,1.7M,353K,1K,287
636,kikysaputrii,Kiky Saputri,1.8M,3.5M,177.8K,626,638
637,jakeandrich,Jake Andrich / Jakipz,15M,1.6M,154.2K,1.5K,1.7K
638,nmixx_official,NMIXX,2.7M,1.7M,260.4K,1K,738
639,julieevlorentzen,julie,3.7M,2.4M,340K,623,355
640,williamlast_krm,William Last KRM,7.7M,1.9M,152.4K,1.6K,1.1K
641,_mohamed_rhal_,Ù…Ø­Ù…Ø¯ Ø±Ø­Ø§Ù„,654.6K,2.8M,122.9K,1.2K,1.1K
642,im_rawan0,Ø±ÙˆØ§Ù†|Rawan,2.5M,1.9M,143.7K,2.5K,360
643,dannygrubs,Danny Kim,3.7M,2.3M,243.9K,841,517
644,dede.omat,dedeomat,278.4K,1.3M,92.2K,2.7K,3.6K
645,theonlycb3,Charles Brockman III,6.2M,1.1M,238K,1.9K,999
646,bobmenery,BobMeneryTV,4.8M,1.1M,109.3K,706,5.6K
647,edithxgalvez,Edith Galvez,5.8M,2.7M,275.3K,504,511
648,robleisiutu,Robleis,5M,1.7M,222.9K,965,1K
649,sofiaespanha,sofia espanha,5M,2M,288.2K,823,513
650,abi.dihati,Abi dihati,4.1M,3.7M,256.4K,378,413
651,losadnmx,Los ADN,6.8M,1.9M,163K,396,2K
652,magicphotofilm,MAGIC PHOTO FILM,187.7K,1.9M,127.7K,499,2.6K
653,readyfredi,Fredi PÃ¤rs,3.3M,835.4K,177.6K,1.8K,3.2K
654,sejsejlija,Cecilia Blomdahl,2.1M,1.8M,194.3K,1.3K,857
655,cheekykiddo,alexğŸ¤,4.5M,2.5M,259K,743,408
656,brittbarbie3,Brittbarbie3,2.2M,1.9M,126.4K,2.4K,817
657,ninabaiocchi,Nina Baiocchi,9.4M,1.7M,298.7K,866,588
658,gutierrezcastro,Gutierrez Castro,14.6M,1.9M,216.5K,520,1.3K
659,ustazebitlew,Ebit Lew,4.4M,1.1M,123.2K,2.9K,2.7K
660,big.manny1,Big Manny,897.4K,1.5M,206.7K,1.1K,1.3K
661,islasvlogs_,Islas Vlogs,2.8M,2.4M,381.7K,509,289
662,yerimuaa,Yeri MUA,4.1M,3.2M,239.7K,684,268
663,levraimotif,Le Motif,376.8K,2.1M,391.3K,571,313
664,elrodcontreras,RODğŸ« ,41.8M,1.8M,217.3K,1.5K,316
665,burnaboyofficial,Burna Boy,2.6M,1.4M,191.7K,1.4K,1.3K
666,chang._.a,ì°½í•˜CHANGHA,22.6M,1.2M,286.2K,1.6K,509
667,cristorata7,Cristorata,1.4M,1.8M,180.5K,925,1.3K
668,imdimpey,Dimpey,8.3M,879.4K,182.2K,1.2K,3.3K
669,farahjmerhi,Farah Merhi,4M,2.6M,125.2K,283,1.9K
670,lilyxgarcia,Lily Garcia,13M,2.1M,356.7K,609,371
671,traviesotiktok,Daniel El Travieso,7.4M,2.3M,286.3K,432,680
672,rug,FaZe Rug,9.6M,1.7M,229.8K,1.6K,266
673,sammy_dao222,Sammy ÄÃ o,3M,1.7M,128.5K,2.8K,466
674,rah_money1,General ock,3.6M,1.6M,178.9K,1K,1.5K
675,mamalindy,Lindy and Jlo,12.3M,2.7M,178.8K,787,709
676,joerauth_,Joe rauth,5.8M,1.6M,268.5K,609,1K
677,wren.eleanor,Wren & Jacquelyn,17.4M,2.7M,344.3K,333,429
678,sluy.guy,SluyGuy,205.5K,1.3M,132.1K,2.8K,1.3K
679,johnnysins,JohnnySins,7.9M,1.5M,207.2K,1.5K,735
680,jaykindafunny8,Jaykindafunny,24.5M,2.2M,126K,636,1.9K
681,shawnjohnson,ShawnJohnson,1.7M,1.3M,78.9K,179,6.8K
682,sidequestz,sidequestz,360.6K,1.5M,229.6K,803,1.2K
683,davidyrodriguez,That French Guy,8.3M,1.5M,261.4K,1.2K,582
684,jombospice,JOMBOSPICE,9.4M,1.5M,191.9K,1.9K,553
685,faryanggaa,Ryann,5.6M,1.6M,257.4K,1.1K,642
686,mmaizalazar,Mai Zalazar,1.8M,2.3M,284.2K,548,521
687,tritanttv,Tristan Clausen,4M,1.5M,237.4K,1.5K,485
688,pepperonimuffin,Kirsten Titus,8.3M,2.1M,335.3K,733,258
689,tina_042,ğ’¯ğ’¾ğ“ƒğ’¶,1.1M,1.3M,225.6K,2.1K,291
690,sapzuu,sap ğŸª„âœ¨,358.7K,837.9K,294.3K,1.6K,1.3K
691,larissa_kimberlly_,Larissa Kimberlly ğŸ,17.6M,1.8M,207.7K,1.2K,663
692,brunoliima019,Bruno Lima,7.4M,2.1M,235.9K,507,923
693,adamcalhoun1,Adam Calhoun,2.5M,904.1K,117.9K,3.5K,3K
694,aprisdevita,Apris Devita,1.1M,1.2M,241.4K,729,1.6K
695,makeupartistgorda66,Makeupartistgorda66,5M,1.8M,179.2K,1.6K,552
696,ngoc.matcha,Ngá»c Matcha ğŸ’š,4M,1.4M,197.3K,2K,440
697,noamusic_official,NOA,168.1K,1.6M,140.2K,643,2.4K
698,calleypoche,Calle y PochÃ©,5.9M,2.4M,221.3K,721,559
699,mmmjoemele,Joe Mele,23.2M,2.1M,278.8K,791,342
700,mymint.nara,Mymint Nara,2M,2.8M,238.4K,774,218
701,jacopoaquila_,Jacopo Aquila,2.2M,1.5M,148.7K,1.2K,1.8K
702,jomaryee,Jomar Yee,9.2M,1.8M,211K,653,1.1K
703,ayee_shaad,East Romani,704K,879.5K,274.4K,718,2K
704,tuckot,tuck,2.7M,891K,133.6K,1.1K,4.4K
705,njr11njr,njr11njr,1.4M,2.6M,258.7K,286,689
706,jimmydarts,Jimmy Darts,9.1M,1.6M,266.8K,1.2K,319
707,imatheusguedes,imatheusguedes,2M,1.3M,193.9K,587,1.9K
708,bpratamasaputraa,Bagas Pratama,375.1K,1M,82.1K,2.8K,4.8K
709,thewick,The Wick,5.2M,2M,229.2K,1.1K,351
710,jashlem,Jash,26.8M,1.8M,310.8K,729,422
711,junpei.zaki,junpei zaki,14.3M,835.1K,62.8K,12.2K,83
712,quincybytheway,Quincy BTW,1.4M,1.9M,262.7K,509,779
713,homm9k,Ğ¥ĞĞœĞ¯Ğš,46.1M,2M,210.9K,1.2K,298
714,1_alkaisr_1,ğŸ”±ğŸŒ¹Ø§Ù„Ù‚ÙŠØµØ±ğŸŒ¹ğŸ”±,12.5M,1.7M,172.1K,737,1.4K
715,jamroz_,jamroz_,1.2M,810.1K,137.8K,1.9K,3.7K
716,nessaabarrett,Ness,19.6M,1.7M,173.3K,1.1K,1K
717,adamalhidayat,ADAMALHDYT,3.1M,2.6M,214K,593,565
718,lexychaplin,Lexy,3.3M,1.6M,263.7K,1.1K,418
719,firstnamechris,Chris Punsalan,1M,1.5M,264.1K,1.2K,339
720,kikakiim,Kika Kim,32.8M,2.2M,208.5K,846,514
721,gehu.gl,Gerson Garcia,455.2K,1M,73.5K,867,7.6K
722,iamsungstarwin,Sungstarwin,2.7M,2.6M,397.3K,339,273
723,thiagomelob_,Thiago Melo b,5.1M,1.6M,189.5K,592,1.4K
724,haileybieber,Hailey Bieber,10.3M,2.2M,242.8K,708,445
725,jooj,Jooj Natu,12M,2.2M,241.5K,517,641
726,benjikrol,Benji Krol,32.5M,1.4M,199.6K,1.8K,470
727,philipdefranco,Philip DeFranco,2.2M,1.6M,130.3K,2.3K,687
728,itsjojosiwa,JoJo Siwa,44.2M,2.7M,202.7K,915,207
729,itzyofficial,ITZY,10M,1.2M,199.4K,1.7K,829
730,riaricis,Ria Ricis,29.7M,1.8M,239.6K,821,596
731,esperandolacarrozaok,esperando la carroza ok,230.4K,1.1M,98.9K,482,5.1K
732,jennylek,jenny,755.9K,1.1M,326.1K,901,802
733,kehlani,Kehlani,4M,1.3M,259K,1.1K,744
734,migueltanfelix98,Miguel Tanfelix,5.8M,2.2M,234.3K,714,463
735,abo_qamae,Ø§Ø¨Ùˆ Ù‚Ù…Ø§Ø¹ğŸ™‚â¤ï¸,2.1M,2M,154.8K,1K,898
736,samirasphobia,Samira,33K,1.1M,108.1K,4.5K,514
737,tanboykun_asli,Tanboy kun,2.5M,3M,170.7K,453,713
738,madsbaileybabe,Maddie L Bailey,6M,1.6M,300.3K,898,344
739,leanbeefpatty,Patty,6.2M,1.5M,223.3K,1.2K,537
740,tonystatovci,TONY STATOVCI,3.1M,968.8K,210K,857,2.1K
741,ser_jay,Hello Itâ€™s me SerJay,5.4M,1.8M,304.2K,639,448
742,vadik_dikiy,vadik_dikiy,2.1M,1.3M,107K,685,3.6K
743,caocuongvu,caocuongvu,4M,2.3M,232.6K,720,403
744,upinipin.official,Upin & Ipin Official,11.1M,2.5M,127.7K,1K,848
745,susymourizz,Susy MourizğŸŒ·,9.2M,1.9M,161.2K,1.5K,423
746,jezzzini,JEZZINI,2.8M,862.4K,177.2K,913,2.8K
747,max_balegde,Max_Balegde,2.8M,1.1M,216.6K,1.3K,1.1K
748,coldcutz20,CHRIS COLDITZ,1.3M,4.9M,104K,451,658
749,charlyokei,Charlyokei,4.5M,1.9M,242.2K,665,562
750,joslum,JosÃ© L,13.9M,1.6M,297.3K,795,385
751,ryanhdlombard,Ryan Lombard,9.5M,1.2M,245.9K,567,1.3K
752,bilalahy,Bilal,3.8M,897.2K,213.6K,1.2K,1.8K
753,erabii,Mohanaderabi,1.9M,1.2M,132.9K,1.5K,2K
754,recider,Recider,2M,1.1M,284.2K,712,1.1K
755,papa.groot,Mas BoyğŸŠ,1.2M,4.3M,167.2K,663,112
756,joshrichards,Josh Richards,25.7M,1.9M,248K,778,403
757,camxnie,Cam & Nie,3.7M,1.5M,288.9K,649,634
758,juliano,juliano,10.9M,2.1M,199.1K,833,495
759,mayte421,May Te,155.2K,1.4M,100.9K,1.1K,2.8K
760,ayanakamachi,ä¸­ç”ºç¶¾,1.5M,2.2M,163.5K,837,697
761,kaykai_ntch,Kaykai,8M,2.1M,254.1K,876,155
762,leleburnier,LELÃŠ BURNIER,2.6M,1.1M,236.9K,1.7K,472
763,anthonnyswagg3,anthonnyswagg,9.6M,2M,165.2K,587,1.1K
764,juicy_ankles,Juicy_ankles,2.4M,1.2M,268.7K,864,876
765,alpergold,alpergold,2.4M,1.1M,169K,2.4K,464
766,benjaminthebaker,Benjamin the baker,866.4K,1.4M,240.3K,502,1.1K
767,crisdevilgamer7,CrisDevilGamer,5.1M,2.4M,227.9K,820,155
768,birisdachapada_off,biris_off,2.3M,1.2M,170.3K,1.3K,1.3K
769,oli_natu,Oli Natu,10.6M,1.8M,236.8K,509,730
770,evgeniy_moskalev,Ğ•Ğ²Ğ³ĞµĞ½Ğ¸Ğ¹ ĞœĞ¾ÑĞºĞ°Ğ»Ñ‘Ğ²,872.3K,1.2M,56.4K,416,7.4K
771,gabrielabee,GABRIELA BEE,10M,854K,220.8K,1.9K,921
772,carlyncabel,carlyn ocampo,5.1M,2.4M,238.5K,752,169
773,drewafualo,Drew Afualo,7.8M,1.2M,215.6K,1.7K,434
774,brycehall,Bryce Hall,23M,2.3M,270.8K,456,406
775,kimkardashian,Kim Kardashian,5M,1.7M,144.3K,1.2K,936
776,fcbarcelona,fcbarcelona,21.1M,1.5M,200.4K,1K,688
777,igorjansen,igu,12.1M,1.5M,291.4K,722,466
778,ilizas,iliza,1.3M,1.2M,103.2K,354,3.8K
779,sommerray,Sommer Ray,12.2M,2.3M,216.8K,545,519
780,micaraht,micarahtewers,334.5K,1.5M,314.8K,407,690
781,cassholland,Cass Holland,2M,1.6M,270K,890,345
782,artbydemarcusshawn,DemarcusShawn,6.3M,978.5K,154.7K,1.8K,1.7K
783,mqquintos,Mikee Quintos,5M,3M,270.8K,431,202
784,nisriinejr,Nis,2M,1.5M,158.9K,1.7K,515
785,decorsnippets,Rue,954.7K,1.9M,118.6K,1K,1.2K
786,otakoyakisoba,otakoyakisoba,15.7M,1.8M,146.7K,577,1.4K
787,tariqjamilofcl,Tariq Jamil,2.5M,871.2K,116K,431,4.6K
788,wissensbert,wissensbert,2.3M,1.3M,183.1K,973,1.2K
789,shinohara_kenta,Animistâ˜€ï¸ã‚³ãƒæ’®ã‚Šå¤§é“èŠ¸äºº,2.6M,1.4M,178.4K,769,1.3K
790,louka__m,Louka,2.7M,1.1M,190.1K,1.3K,1.1K
791,benoit_chevalier,BenoÃ®t Chevalier,10.1M,1.5M,133.9K,1.9K,637
792,justingrimes_,Justin Grimes,36K,1.3M,181.5K,1.1K,1.1K
793,laladulol,Lala du LoL,2.6M,1.2M,146K,843,2K
794,lilmabu,Lil Mabu,1.6M,1.4M,211.1K,1.3K,420
795,nickiminaj,Nicki Minaj,16.6M,1.3M,182.4K,1.8K,281
796,sankeuur,Sankeuur,1.5M,1.4M,226.7K,767,761
797,fresajapomex,Sonia Mayu,16.8M,2.8M,287.4K,358,265
798,ox_zung,ì›ì •ë§¨ WonJeong,49.2M,2M,174.3K,1.1K,302
799,berkcoskunofficial,Berk CoÅŸkun,3.5M,2.4M,83.6K,762,1.8K
800,jericktriana,KatheğŸ¤,3M,2.1M,118.3K,419,1.6K
801,shabiraalulaadnan,Shabiraalula&Ayah,7.7M,2.2M,178.6K,801,458
802,l_galy,L-GALY,1.4M,1.2M,145.4K,819,2K
803,gugafoods,Guga Foods,1.8M,1.9M,248.8K,548,493
804,fabstarden,FabrÃ­cio :),66K,692.8K,111.3K,2.9K,3.5K
805,lifeofadoctor,Life Of A Doctor,3.5M,1.3M,135.3K,1.5K,1.4K
806,jauncydev,Jonny,2.3M,921.5K,165.1K,763,2.4K
807,dixiedamelio,dixie,57.5M,3M,101.3K,1.3K,361
808,katiavlogss,KATIAVLOGSğŸ’,14.8M,2.7M,340.6K,385,142
809,soysaucer,fivar,1.4M,1.2M,150.6K,563,2.1K
810,secret_akk,angelka,958K,1.3M,164.9K,1.3K,989
811,0808sakura,ğŸŒ¸æ¡œğŸŒ¸,1.7M,1.1M,139.8K,2.1K,1K
812,ivanantoniochacon,Ivan,7.6M,1.1M,272.1K,950,635
813,nickandcarrie,Nick&Carrie,7.5M,1.7M,228.9K,503,728
814,juhmazzocco,JÃºlia Mazzocco,8.1M,1.7M,251.1K,434,719
815,tiktokmena,TikTok MENA,7.4M,10.8M,37K,548,643
816,vietphuongthoa98,Viá»‡t PhÆ°Æ¡ng Thoa,11.9M,2.2M,223.1K,726,265
817,ashkaashh,Ashaley ğŸ¦‹,2.3M,1.5M,168.4K,843,1K
818,mariolcalderon,Mario Calderon,2.2M,483.2K,108.4K,3K,6.1K
819,adrianozendejas32,adrianozendejas32,2.8M,1.4M,156.3K,334,1.9K
820,ufozero2,Ufozero2,778.4K,1.4M,158.9K,282,1.8K
821,juanpazurita,Juanpa Zurita,13.3M,1.8M,240.8K,399,691
822,elqaq,Naji Elqaq,2.9M,1.8M,171.9K,773,749
823,bradley.thor,Thoren Bradley,6.4M,1.1M,121K,1.8K,1.7K
824,prokop_02,user64675106546,1.7M,2.3M,202K,587,420
825,ishtaher,Ismail Taher,4.2M,1.5M,270.8K,582,608
826,ongsquad,Ong Squad,8.6M,1.8M,143.1K,1.5K,348
827,aureliehermansyahatta,Aurelie Hermansyah,9.5M,1.7M,182.1K,667,836
828,regitamasri,ReğŸ§šğŸ»â€â™€ï¸| IG : regitamsr,9.2M,2M,217.7K,899,197
829,jejenvalda,JennifervaldağŸ¥¬,3.9M,2.2M,240.7K,711,187
830,mimiermakeup,Mirta Miler,16.5M,1.8M,290.3K,615,274
831,jeremyhutchins,jeremy hutchins,10.3M,1.2M,166.7K,2.1K,211
832,maddybreteche,maddy,159.5K,1.6M,135.6K,1.3K,798
833,jakeceja,Jakeyboy,6.3M,1.9M,208.1K,734,436
834,willdevane,Will DeVane,1.4M,1.3M,111.5K,521,2.7K
835,danielarodrice,Daniela Rodrice,11.1M,1.7M,262.2K,562,475
836,soimah_pancawati,Soimah Pancawati,2.1M,1.2M,88.5K,1.9K,2.4K
837,areyoukiddingtv,AreYouKiddingTV,5.2M,2.5M,303.3K,388,220
838,doctormiguelpadilla,Doctor Miguel,6.4M,1M,181.3K,1.4K,1K
839,thejoeyswoll,Joey Swoll,5.7M,1.4M,175.4K,1.6K,366
840,leanadeeb,Leana Deeb,11.3M,1.7M,241.3K,700,410
841,drglaucomflecken,Dr. Glaucomflecken,2M,762.1K,110.1K,1.5K,3.9K
842,rayanfahmi,Rayoon,3.9M,2.3M,165K,623,571
843,fatmasariz,Fatma Sari Zar,1.7M,2.7M,203K,554,286
844,briandadeyanara,BRIANDA ğŸ’–,35M,1.7M,276.1K,649,311
845,paigetaylor.s,Paige Taylor,5M,1.6M,262.7K,851,220
846,hermanhadibasuki,Herman Hadi Basuki,2.9M,1.4M,66.8K,1.7K,3.1K
847,mackenzieziegler,Mackenzie Ziegler,22.3M,2.6M,210.6K,570,248
848,edakok59,EDA KÃ–K,4.5M,1.9M,104.6K,512,1.7K
849,ugolord,âš–ï¸ The TikTok Attorney âš–ï¸,6.3M,1.4M,128.8K,2.3K,275
850,sibenitoo,SiBenitoo,6M,1.8M,137.4K,1.2K,607
851,ugolord,âš–ï¸ The TikTok Attorney âš–ï¸,6.3M,1.4M,128.8K,2.3K,275
852,sibenitoo,SiBenitoo,6M,1.8M,137.4K,1.2K,607
853,raredoodle,rare doodle,2M,659.8K,142.2K,1.4K,3.3K
854,itsmenicksmithy2,Nick Smithyman ğŸ˜,13.6M,1.7M,179.2K,713,782
855,tonylopez,Tony Lopez,23.2M,1.5M,157.1K,1.5K,331
856,creatingwonders,Jesse J. Pedigo,12M,636.4K,84.1K,1.1K,7.1K
857,qpark,Q Park,34.2M,2.1M,124.9K,865,795
858,davidgetial,deivis,15.1M,1.7M,185.3K,1.2K,178
859,alexailacad_,Alexa Ilacad,2.1M,1.1M,155.4K,1.3K,1.2K
860,bessan_esmail,Ø¨ÙŠØ³Ø§Ù† Ø§Ø³Ù…Ø§Ø¹ÙŠÙ„ - Bessan Ismail,11.7M,1.8M,108K,1.4K,806
861,laactea,Stenio girardelli,1.4M,1M,177.7K,1.1K,1.4K
862,andyslife247,Andyâ€™s Life,2M,1.9M,134.3K,1.1K,675
863,ceyda.kasabali,ceyda.kasabali,1.2M,2.1M,176.4K,424,738
864,taylorfrankiepaul,Taylor Paul,3.7M,3.6M,213K,403,159
865,tirullipa,Tirullipa,30M,1.9M,94.2K,1K,1.4K
866,ailaughatmyownjokes,"it&#39;s a me, Silvia :)",2.2M,849.2K,186.5K,842,1.9K
867,nisculas,nic,5.4M,1.9M,188.1K,907,288
868,xxlechuga,Daniel Lechuga,6.6M,1.2M,212K,1.3K,413
869,kikiandkilo,Kiki and Kilo,1.8M,762.3K,96.7K,724,5.1K
870,jerofreixas,jerofreixas,1.8M,1.1M,138.8K,809,2K
871,sherinicolee,sheri,14.3M,2.7M,281.2K,434,126
872,emirabdulgani,Emir Abdul Gani,22.7M,2.3M,230.2K,486,317
873,haimtheband,haimtheband,336.4K,1.3M,205.1K,820,774
874,goulamofficiel,Goulam,336.2K,717.6K,73.1K,2.4K,5.7K
875,juixxe,JesÃºs,3.2M,1.7M,227K,759,330
876,yass_ootd,Yass_ootd,779.9K,1.3M,221.2K,840,629
877,actressbecc,Becca Bastos,1.8M,1.1M,116.1K,560,2.7K
878,ashyizzle,Ashley,4.4M,1.8M,263.7K,542,347
879,jumpersjump,Jumpers Jump Podcast,8.1M,1.8M,208.5K,616,508
880,thaisslinares,Thais Nunes,1.4M,666.6K,160.6K,1.4K,2.6K
881,realrobyn,realrobyn,998.2K,766.6K,178.8K,1.7K,1.4K
882,sashaanddiana,Sasha and Diana,2M,1.7M,275.6K,780,117
883,lpshkaa,lpshkaa,2.5M,1.7M,155.9K,825,760
884,lee.cuong,Lee CÆ°á»ng,1.1M,2.5M,127.6K,856,459
885,ericdamier,ericdamier,1.3M,6.1M,72.8K,202,741
886,nandaarsyinta,Nanda Arsyinta,2.2M,1.8M,208.7K,717,428
887,piyanutella,kentang idamanğŸ¥´,5M,1.6M,215.6K,1.1K,143
888,nellarose,Nella Rose,515.4K,877.4K,215.9K,1.1K,1.1K
889,lasateuch,satine walle,951.2K,991.4K,218.1K,1.4K,527
890,muanglk,à¹à¸¡à¹ˆà¹€à¸¡à¸·à¸­à¸‡ ğŸ’›,4.1M,2.1M,228.5K,521,342
891,osmancengel,osmancengel,454.4K,2.5M,93.2K,443,1.3K
892,thekidke_,KEMANI,5.1M,770.5K,164.2K,803,2.5K
893,devincaherly,Devin Caherly,9M,2.1M,218.4K,727,191
894,thebentist,The Bentist / Orthodontist ğŸ¦·,12.8M,1.3M,242K,1.1K,214
895,ibarrechejavier,Javier Ibarreche,8.2M,1.3M,165.5K,1K,866
896,liiza.baez,Liza Baez,7.7M,1.1M,215.6K,1.2K,551
897,jacobwitzling,Jacob Witzling,1.1M,1.9M,114.4K,1.2K,690
898,gehadhassann,Gehad hassanğŸ‘¸ğŸ»,7.9M,1.3M,149.2K,831,1.3K
899,aymanehamedi,Weld Mimoune,1.2M,2.1M,68.7K,587,2.3K
900,cx_.q,Ù…ØµØ·ÙÙ‰ Ø§Ù„Ø¨ØµØ±Ø§ÙˆÙŠ 62,3.7M,1.7M,121.4K,1.1K,826
901,thekidke_,KEMANI,5.1M,770.5K,164.2K,803,2.5K
902,devincaherly,Devin Caherly,9M,2.1M,218.4K,727,191
903,thebentist,The Bentist / Orthodontist ğŸ¦·,12.8M,1.3M,242K,1.1K,214
904,ibarrechejavier,Javier Ibarreche,8.2M,1.3M,165.5K,1K,866
905,liiza.baez,Liza Baez,7.7M,1.1M,215.6K,1.2K,551
906,jacobwitzling,Jacob Witzling,1.1M,1.9M,114.4K,1.2K,690
907,gehadhassann,Gehad hassanğŸ‘¸ğŸ»,7.9M,1.3M,149.2K,831,1.3K
908,aymanehamedi,Weld Mimoune,1.2M,2.1M,68.7K,587,2.3K
909,cx_.q,Ù…ØµØ·ÙÙ‰ Ø§Ù„Ø¨ØµØ±Ø§ÙˆÙŠ 62,3.7M,1.7M,121.4K,1.1K,826
910,honeybobabear,honeybobabear,8.8M,2M,305.9K,551,109
911,lancealexander,Lance Alexander,1.3M,1.1M,180.1K,1.6K,455
912,jasminechiswell,Jasmine Chiswell,16.2M,2.3M,264.4K,551,106
913,ladydianka,LADY BUNNYğŸ°,9.2M,1.2M,144.7K,1.3K,899
914,shehabeldin100,Shehabeldin,7.1M,1.3M,147.4K,898,1.2K
915,ediqueixinho,Edivando Junior,4.3M,1.7M,185.2K,754,488
916,djaysonkaravane,Diego,1.2M,1.3M,133.5K,675,1.7K
917,antonyviews,AntonyviewsâœŒğŸ¼,10.7M,1.3M,220.5K,549,834
918,nekoglai,ĞĞ¸ĞºĞ¾Ğ»Ğ°Ğ¹,9.5M,1.2M,100.9K,2.6K,705
919,miakhalifa,Mia K.,36M,2.3M,145.3K,892,315
920,gabsmasr,âœ¨gabs Masrâœ¨,3.7M,2.2M,119.8K,1.1K,435
921,jayrscottyy,Jay,2.9M,968.2K,107.4K,741,3K
922,girlwithedogs,Girl With The Dogs,5.8M,707.4K,159.4K,1.1K,2.4K
923,cesarpantoja.n,Cesar Pantoja,14.5M,1.8M,247.7K,616,257
924,...anddy_,ANDDY ğŸºğŸŒ™,1.3M,810.7K,99.3K,3.8K,1.1K
925,aldomirandar,Aldo Miranda,8.7M,1.5M,112.9K,341,2K
926,elysemyers,Elyse Myers,5.7M,1.1M,141.5K,1.6K,841
927,barstoolsports,Barstool Sports,20.7M,1.5M,162K,436,1.2K
928,yaraandomarr,Yara and Omar ğŸ’«,1.3M,3M,88.3K,767,708
929,oddanimalspecimens,Odd Animal Specimens,1.6M,2M,167.5K,720,424
930,dagelantv,Dagelan TV,147.9K,791.7K,64.1K,1.4K,6.1K
931,madeleinecwhite,Maddie White,3M,2.2M,316K,388,162
932,lehvideira,Lethicia Videira,8.3M,534.7K,55K,5.7K,7.3K
933,yosoyapple,YoSoyApple,835K,2M,128.5K,509,972
934,elledarlington,elle darlington,1.1M,1.2M,162K,885,1K
935,janinalchair,Janinalchair,20.4M,2.3M,278K,405,189
936,pluutao,PlutÃ£o,4.1M,1.2M,139.5K,2.1K,147
937,nazormaya,Maya Nazor,6M,2.6M,249.3K,473,111
938,jordy2d,jordy2d,3.3M,1.6M,196.7K,314,884
939,chedurena,Che Durena,7.5M,1.2M,102.4K,822,2.2K
940,missionaryjack,Jack Harlow,5.4M,915.9K,161.7K,1K,1.5K
941,emilymariko,Emily Mariko,12.2M,2.5M,199.9K,497,249
942,policiaperu,PolicÃ­a PerÃº,456.7K,949.2K,99.3K,991,3K
943,mamene_lorenzo,LORENZO,1.5M,1.3M,169.4K,575,1.1K
944,kaliuchis,Kali Uchis,2.3M,843.8K,240.4K,1.3K,531
945,gustta_shoow,gustta shoow,3.6M,1.3M,169.1K,1.2K,443
946,songdoohee_444,à¸‹à¸­à¸‡ à¸”à¸¹à¸®à¸µ (à¸Šà¹ˆà¸­à¸‡à¸«à¸¥à¸±à¸),4.4M,1.4M,182.1K,920,525
947,oafonsopadilha,Afonso Padilha,3.1M,1.1M,142.7K,562,1.8K
948,ybsbrodie,Brodie Moss,4.7M,2.3M,181.4K,706,176
949,rickylemon99,Ricky Limon,12.7M,1.8M,259.6K,415,371
950,z4_pucho,PUCHO,796.1K,984.5K,144.8K,1.2K,1.3K
951,notconor18new,NotConor18New,514K,628.3K,86.5K,3.4K,3.2K
952,cost_n_mayor,Cost nâ€™ Mayor,5.2M,1.3M,201.2K,718,644
953,melmaia,Mel Maia ğŸ¯,12.6M,1.7M,196.9K,635,429
954,snoopdogg,Snoop Dogg,24.5M,1.1M,148.4K,1.2K,955
955,viviindrawatyy,BTR Vivian,976.8K,1.7M,154.9K,968,352
956,georainbolt,georainbolt,1.4M,1.2M,124.9K,1.4K,966
957,astarbarbers,A Star Barbers,2.6M,1.7M,172.5K,726,475
958,jamal.jamael,Karim Jamal,2.8M,1.4M,135.5K,753,1.2K
959,_cjma,Chrystiane Jowy,9.2M,1.1M,201.7K,767,817
960,foilarmsandhog,Foil Arms & Hog,627.4K,1.3M,152.9K,523,1.2K
961,tctekk,tcTekk,966.1K,1.7M,118K,1.2K,532
962,inpersa16,Indah permatasari,2.2M,1.9M,134K,994,356
963,tuckerbudzyn,tuckerbudzyn,10.6M,959.7K,168.8K,293,1.9K
964,mamontellato,Marcela Montellato,5.3M,840.7K,198.2K,1K,1.1K
965,ismaellemais,Ismael Lemais,1M,1.1M,92.3K,948,2.5K
966,zeinabharake,Zeinab Harake,14.7M,1.8M,233.8K,474,353
967,lapizinncrack,Lapizin,308.7K,2.3M,183.3K,563,262
968,feliciatannnn,FeliciağŸ¨,3.8M,1.6M,159.8K,1.2K,154
969,waguinhov,Waguinhov,6.1M,1.6M,153.6K,434,979
970,xibibrothers,Xibi Brothers,8.6M,1.7M,201.7K,354,655
971,anawoycick,Ana Woycick,12.8M,1.3M,121K,1.7K,619
972,moosenyc2,moose,643.4K,1.1M,143.2K,621,1.6K
973,davidvoinson,David Voinson,1M,726.2K,150.7K,679,2.5K
974,sabbyandsophia,Marie TwinsğŸµğŸ‘­ğŸ¼,11.2M,1.3M,155.5K,1.4K,337
975,phamvinh99,Pháº¡m Vinh,2.9M,1.9M,114.8K,1K,564
976,iniganta,Ganta ğŸ®,1.2M,909.3K,117K,2.1K,1.1K
977,carlosbelcastt,Belcast,2.3M,1.3M,170.5K,620,982
978,glutastory,Gluta Story,1.3M,1.2M,177K,665,1K
979,macdi_off,Macdi ã€½ï¸,769.9K,1.5M,125.4K,1.3K,507
980,simxmargo,Seamoan {870k},897.2K,1M,185.7K,1.1K,658
981,la.maraaa,LA MARA,7.7M,1.2M,214K,1.2K,122
982,padillamarilis,padillamarilis,552.5K,1.7M,87.8K,1.2K,1.1K
983,sebasc0423,Sebas Correa,7.5M,1M,183.6K,1.1K,727
984,katiessigmond,katie sigmond,6.9M,1.8M,207.5K,716,188
985,rafaellabd,Rafaella Dahlem,20.4K,455.7K,100.3K,840,6.5K
986,braxtonnncomerrr,Braxton Comer,3.3M,1.4M,228.9K,931,112
987,rg4_ticus,TICUS,702.1K,921K,114.5K,3K,172
988,pivet.workout,PIVET,4.9M,2.1M,150.5K,860,222
989,u.ueung,à¸­à¸¸à¸‡à¹€à¸­à¸´à¸‡ ğŸ’–,1.2M,1.8M,156.5K,926,258
990,thongsoaicavip,ThÃ´ng SoÃ¡i Ca,1.7M,2.1M,93.5K,1.3K,382
991,bilal.hd91,Bilal Haddad | Ø¨Ù„Ø§Ù„ Ø§Ù„Ø­Ø¯Ù‘Ø§Ø¯,3M,1.1M,124.6K,1.7K,760
992,jannatmirza,J M ğŸ¥€,20.7M,1.3M,134.2K,1.5K,371
993,ssmaaaryy,Razi Monroe,9M,1.3M,165.5K,982,556
994,steveioe,Steveioe,11.1M,1.3M,150.5K,732,959
995,omahi.tiktok,OMAHI,15.2M,2M,301K,331,232
996,nathanmccarron0,Nathanâ€™s Art,1.6M,1.1M,117.6K,1.4K,1.1K
997,lacha21.1,Lazaro Gonzalez,669.4K,750.3K,118.3K,655,3K
998,hyoga.x,Hyoga,552K,1M,121.9K,1.9K,727
999,rrqr7tatsumaki,Rivaldi Fataah,1.1M,2M,112.5K,1K,414
1000,_catben_,Catherine Benson,10.9M,1.6M,212.5K,665,318